chain	resnum	resname	aa1	n_bb	n_base	n_2oh	n_sr	n_total	dominant	classification
A	4	LYS	K	4	13	0	1	18	base	base+backbone
A	6	GLN	Q	0	7	0	0	7	base	base-only
A	7	LYS	K	9	0	0	0	9	bb	backbone-only
A	10	ALA	A	1	0	0	0	1	bb	backbone-only
A	16	SER	S	13	0	0	0	13	bb	backbone-only
A	17	ARG	R	17	7	0	0	24	bb	base+backbone
A	18	ARG	R	0	17	0	0	17	base	base-only
A	21	GLU	E	0	6	0	0	6	base	base-only
A	37	LYS	K	0	2	0	0	2	base	base-only
A	38	LEU	L	0	11	0	0	11	base	base-only
A	39	GLY	G	0	19	0	0	19	base	base-only
A	40	ASP	D	0	13	0	0	13	base	base-only
A	41	ARG	R	9	6	0	0	15	bb	base+backbone
A	79	LEU	L	1	0	1	1	3	bb	2OH-contacting
A	81	THR	T	0	0	3	4	7	sr	2OH-contacting
A	82	ARG	R	4	0	3	0	7	bb	2OH-contacting
A	83	ASN	N	1	0	1	2	4	sr	2OH-contacting
A	85	PRO	P	0	0	2	0	2	2oh	2OH-contacting
A	88	ARG	R	1	0	3	1	5	2oh	2OH-contacting
A	102	ARG	R	4	0	0	0	4	bb	backbone-only
A	104	ILE	I	1	0	1	1	3	bb	2OH-contacting
A	107	GLY	G	2	0	0	0	2	bb	backbone-only
A	108	ARG	R	10	26	4	7	47	base	2OH-contacting
A	110	ASP	D	8	0	0	0	8	bb	backbone-only
A	111	VAL	V	6	0	0	0	6	bb	backbone-only
A	123	GLY	G	10	0	2	1	13	bb	2OH-contacting
A	124	GLU	E	3	0	0	1	4	bb	backbone-only
A	126	ALA	A	0	0	1	0	1	2oh	2OH-contacting
A	127	ASN	N	0	4	4	5	13	sr	2OH-contacting
A	130	MET	M	1	1	2	4	8	sr	2OH-contacting
A	131	HIS	H	5	1	7	5	18	2oh	2OH-contacting
A	132	PRO	P	3	3	5	0	11	2oh	2OH-contacting
A	133	SER	S	0	8	1	0	9	base	2OH-contacting
A	135	GLU	E	0	6	0	0	6	base	base-only
A	138	ARG	R	1	0	0	1	2	bb	backbone-only
A	150	ASP	D	10	9	0	2	21	bb	base+backbone
A	153	LEU	L	0	3	0	0	3	base	base-only
A	154	ARG	R	0	7	0	3	10	base	base-only
A	157	SER	S	0	3	0	0	3	base	base-only
A	158	ARG	R	0	2	0	0	2	base	base-only
A	190	GLU	E	2	0	0	0	2	bb	backbone-only
A	191	GLY	G	9	0	0	1	10	bb	backbone-only
A	192	ARG	R	1	0	0	0	1	bb	backbone-only
A	193	ASN	N	6	0	0	0	6	bb	backbone-only
D	4	LYS	K	4	11	0	1	16	base	base+backbone
D	6	GLN	Q	0	6	0	0	6	base	base-only
D	7	LYS	K	9	0	0	0	9	bb	backbone-only
D	10	ALA	A	1	0	0	0	1	bb	backbone-only
D	16	SER	S	12	0	0	0	12	bb	backbone-only
D	17	ARG	R	17	7	0	0	24	bb	base+backbone
D	18	ARG	R	0	16	0	0	16	base	base-only
D	21	GLU	E	0	4	0	0	4	base	base-only
D	37	LYS	K	0	1	0	0	1	base	base-only
D	38	LEU	L	0	6	0	0	6	base	base-only
D	39	GLY	G	0	15	0	1	16	base	base-only
D	40	ASP	D	0	5	0	0	5	base	base-only
D	41	ARG	R	9	8	0	0	17	bb	base+backbone
D	79	LEU	L	1	0	0	0	1	bb	backbone-only
D	81	THR	T	0	0	3	4	7	sr	2OH-contacting
D	82	ARG	R	4	0	3	0	7	bb	2OH-contacting
D	83	ASN	N	0	0	1	1	2	2oh	2OH-contacting
D	85	PRO	P	0	0	2	0	2	2oh	2OH-contacting
D	88	ARG	R	2	0	3	2	7	2oh	2OH-contacting
D	102	ARG	R	4	0	0	0	4	bb	backbone-only
D	104	ILE	I	1	0	1	1	3	bb	2OH-contacting
D	107	GLY	G	1	0	2	0	3	2oh	2OH-contacting
D	108	ARG	R	10	27	3	7	47	base	2OH-contacting
D	110	ASP	D	12	0	0	0	12	bb	backbone-only
D	111	VAL	V	5	0	0	0	5	bb	backbone-only
D	123	GLY	G	7	0	2	1	10	bb	2OH-contacting
D	124	GLU	E	2	0	0	1	3	bb	backbone-only
D	127	ASN	N	0	4	4	5	13	sr	2OH-contacting
D	130	MET	M	1	2	1	4	8	sr	2OH-contacting
D	131	HIS	H	5	1	8	6	20	2oh	2OH-contacting
D	132	PRO	P	3	3	4	0	10	2oh	2OH-contacting
D	133	SER	S	0	10	0	0	10	base	base-only
D	135	GLU	E	0	6	0	0	6	base	base-only
D	138	ARG	R	1	0	0	1	2	bb	backbone-only
D	150	ASP	D	8	6	0	2	16	bb	base+backbone
D	153	LEU	L	0	1	0	0	1	base	base-only
D	154	ARG	R	3	2	0	2	7	bb	base+backbone
D	157	SER	S	0	1	0	0	1	base	base-only
D	172	ILE	I	0	1	0	0	1	base	base-only
D	190	GLU	E	3	0	0	0	3	bb	backbone-only
D	191	GLY	G	11	0	0	1	12	bb	backbone-only
D	192	ARG	R	1	0	0	0	1	bb	backbone-only
D	193	ASN	N	6	3	0	0	9	bb	base+backbone
