chain	resnum	resname	aa1	n_bb	n_base	n_2oh	n_sr	n_total	dominant	na_type
X	32	GLY	G	1	0	0	0	1	bb	DNA
X	33	HIS	H	3	0	0	0	3	bb	DNA
X	40	SER	S	1	1	0	0	2	bb	DNA
X	70	ARG	R	0	1	0	0	1	base	DNA
X	115	GLU	E	3	0	0	0	3	bb	DNA
X	168	ARG	R	1	0	0	0	1	bb	DNA
X	169	ARG	R	0	10	0	0	10	base	DNA
X	172	ASP	D	1	2	0	10	13	sr	DNA
X	173	ARG	R	0	9	0	0	9	base	DNA
X	176	GLY	G	0	2	0	2	4	base	DNA
X	177	TYR	Y	0	21	0	0	21	base	DNA
X	180	SER	S	0	2	0	3	5	sr	DNA
X	181	PRO	P	0	2	0	0	2	base	DNA
X	184	TRP	W	0	29	0	3	32	base	DNA
X	189	ARG	R	0	15	0	1	16	base	DNA
X	190	GLY	G	0	3	0	1	4	base	DNA
X	191	LEU	L	0	0	0	1	1	sr	DNA
X	192	SER	S	5	0	0	1	6	bb	DNA
X	193	ALA	A	0	0	0	3	3	sr	DNA
X	194	GLY	G	6	0	0	1	7	bb	DNA
X	195	ARG	R	1	0	0	0	1	bb	DNA
X	196	VAL	V	5	0	0	1	6	bb	DNA
X	197	GLN	Q	11	0	0	1	12	bb	DNA
X	321	ARG	R	6	0	0	1	7	bb	DNA
X	495	SER	S	1	0	0	0	1	bb	DNA
X	496	THR	T	7	0	0	0	7	bb	DNA
X	499	SER	S	0	2	0	0	2	base	DNA
X	507	ARG	R	2	0	0	1	3	bb	DNA
