pdb_source	pdb_chain	pdb_resnum	pdb_resname	aa1	uniprot_id	uniprot_position	n_bb	n_base	n_2oh	n_sr	n_total	dominant	classification
3IAB	A	20	THR	T	P53218	20	8	0	0	0	8	bb	backbone-only
3IAB	A	51	LYS	K	P53218	51	0	3	0	0	3	base	base-only
3IAB	A	52	ASN	N	P53218	52	1	20	0	0	21	base	base+backbone
3IAB	A	54	ASN	N	P53218	54	3	0	0	0	3	bb	backbone-only
3IAB	A	55	ILE	I	P53218	55	6	0	0	1	7	bb	backbone-only
3IAB	A	56	LYS	K	P53218	56	3	5	5	0	13	base	2OH-contacting
3IAB	A	59	VAL	V	P53218	59	0	5	0	0	5	base	base-only
3IAB	A	60	ASN	N	P53218	60	0	4	0	0	4	base	base-only
3IAB	A	61	LYS	K	P53218	61	4	0	0	1	5	bb	backbone-only
3IAB	A	64	LYS	K	P53218	64	1	0	0	0	1	bb	backbone-only
3IAB	A	89	GLN	Q	P53218	89	0	8	0	0	8	base	base-only
3IAB	A	90	LYS	K	P53218	90	0	4	0	0	4	base	base-only
3IAB	A	93	SER	S	P53218	93	3	2	0	0	5	bb	base+backbone
3IAB	A	96	GLU	E	P53218	96	0	2	0	0	2	base	base-only
3IAB	A	97	ILE	I	P53218	97	0	12	0	2	14	base	base-only
3IAB	A	100	LYS	K	P53218	100	1	0	0	0	1	bb	backbone-only
3IAB	A	129	GLN	Q	P53218	129	1	0	0	0	1	bb	backbone-only
3IAB	A	131	GLU	E	P53218	131	0	0	1	1	2	2oh	2OH-contacting
3IAB	A	132	ARG	R	P53218	132	0	2	0	0	2	base	base-only
3IAB	A	133	LEU	L	P53218	133	0	8	0	0	8	base	base-only
3IAB	A	134	LYS	K	P53218	134	0	7	0	0	7	base	base-only
3U6Y	A	10	ARG	R	Q9YAX2	10	2	0	0	0	2	bb	backbone-only
3U6Y	A	13	ARG	R	Q9YAX2	13	2	16	0	1	19	base	base+backbone
3U6Y	A	40	ARG	R	Q9YAX2	40	4	0	0	2	6	bb	backbone-only
3U6Y	A	41	GLY	G	Q9YAX2	41	1	0	0	0	1	bb	backbone-only
3U6Y	A	42	ARG	R	Q9YAX2	42	0	0	0	12	12	sr	sugar-ring-only
3U6Y	A	43	ASN	N	Q9YAX2	43	1	0	0	1	2	bb	backbone-only
3U6Y	A	45	ASN	N	Q9YAX2	45	1	0	0	0	1	bb	backbone-only
3U6Y	A	46	ARG	R	Q9YAX2	46	5	0	0	1	6	bb	backbone-only
3U6Y	A	86	ARG	R	Q9YAX2	86	3	0	0	4	7	sr	backbone-only
3U6Y	A	88	VAL	V	Q9YAX2	88	3	0	0	0	3	bb	backbone-only
3U6Y	C	42	ARG	R	Q9YAX2	42	3	1	0	0	4	bb	base+backbone
3U6Y	C	46	ARG	R	Q9YAX2	46	4	0	0	0	4	bb	backbone-only
