node	site	aa	pp	confident
Node1	1	T	0.21208	NO
Node1	2	Q	0.31416	NO
Node1	3	M	0.49673	NO
Node1	4	S	0.28073	NO
Node1	5	I	0.66096	NO
Node1	6	L	0.34951	NO
Node1	7	G	0.24096	NO
Node1	8	S	0.27920	NO
Node1	9	S	0.36021	NO
Node1	10	S	0.87469	yes
Node1	11	Q	0.36131	NO
Node1	12	I	0.73951	yes
Node1	13	R	0.84986	yes
Node1	14	K	0.77457	yes
Node1	15	R	0.22337	NO
Node1	16	V	0.91252	yes
Node1	17	D	0.29549	NO
Node1	18	R	0.67658	NO
Node1	19	A	0.46510	NO
Node1	20	L	0.66979	NO
Node1	21	N	0.27627	NO
Node1	22	L	0.26421	NO
Node1	23	L	0.92494	yes
Node1	24	S	0.29417	NO
Node1	25	T	0.19498	NO
Node1	26	F	0.75259	yes
Node1	27	S	0.61537	NO
Node1	28	L	0.27050	NO
Node1	29	S	0.22429	NO
Node1	30	D	0.85475	yes
Node1	31	K	0.32095	NO
Node1	32	T	0.56326	NO
Node1	33	V	0.28852	NO
Node1	34	G	0.35268	NO
Node1	35	L	0.77734	yes
Node1	36	P	0.49597	NO
Node1	37	E	0.22379	NO
Node1	38	V	0.61845	NO
Node1	39	V	0.92529	yes
Node1	40	L	0.47548	NO
Node1	41	L	0.69716	NO
Node1	42	C	0.34676	NO
Node1	43	A	0.61761	NO
Node1	44	K	0.23780	NO
Node1	45	G	0.94982	yes
Node1	46	S	0.26194	NO
Node1	47	P	0.86704	yes
Node1	48	A	0.72097	yes
Node1	49	V	0.80239	yes
Node1	50	S	0.37139	NO
Node1	51	K	0.96182	yes
Node1	52	L	0.49492	NO
Node1	53	I	0.91557	yes
Node1	54	S	0.53079	NO
Node1	55	I	0.74324	yes
Node1	56	A	0.98898	yes
Node1	57	E	0.99683	yes
Node1	58	I	0.67379	NO
Node1	59	V	0.45097	NO
Node1	60	K	0.91224	yes
Node1	61	R	0.87138	yes
Node1	62	K	0.34320	NO
Node1	63	L	0.47328	NO
Node1	64	A	0.18896	NO
Node1	65	G	0.27077	NO
Node1	66	N	0.32687	NO
Node1	67	G	0.24411	NO
Node1	68	Q	0.21289	NO
Node1	69	K	0.83556	yes
Node1	70	W	0.47655	NO
Node1	71	Y	0.58930	NO
Node1	72	Q	0.90546	yes
Node1	73	Y	0.64932	NO
Node1	74	N	0.82496	yes
Node1	75	V	0.15129	NO
Node1	76	L	0.40015	NO
Node1	77	G	0.30356	NO
Node1	78	E	0.27566	NO
Node1	79	L	0.32330	NO
Node1	80	S	0.29033	NO
Node2	1	N	0.23607	NO
Node2	2	E	0.60166	NO
Node2	3	V	0.64464	NO
Node2	4	S	0.13091	NO
Node2	5	I	0.58895	NO
Node2	6	V	0.21870	NO
Node2	7	G	0.31981	NO
Node2	8	S	0.30905	NO
Node2	9	N	0.34003	NO
Node2	10	S	0.96037	yes
Node2	11	Q	0.28490	NO
Node2	12	I	0.57603	NO
Node2	13	R	0.95788	yes
Node2	14	K	0.34932	NO
Node2	15	R	0.34019	NO
Node2	16	V	0.89981	yes
Node2	17	E	0.28095	NO
Node2	18	H	0.43564	NO
Node2	19	A	0.87969	yes
Node2	20	L	0.59026	NO
Node2	21	N	0.46174	NO
Node2	22	L	0.39773	NO
Node2	23	L	0.96558	yes
Node2	24	S	0.22039	NO
Node2	25	K	0.14811	NO
Node2	26	F	0.59017	NO
Node2	27	S	0.44689	NO
Node2	28	L	0.25535	NO
Node2	29	E	0.24511	NO
Node2	30	D	0.48348	NO
Node2	31	E	0.31704	NO
Node2	32	T	0.60492	NO
Node2	33	L	0.20680	NO
Node2	34	G	0.26131	NO
Node2	35	L	0.57187	NO
Node2	36	P	0.20485	NO
Node2	37	E	0.48301	NO
Node2	38	V	0.51198	NO
Node2	39	V	0.73478	yes
Node2	40	I	0.32269	NO
Node2	41	L	0.58651	NO
Node2	42	T	0.36671	NO
Node2	43	G	0.93736	yes
Node2	44	V	0.19681	NO
Node2	45	G	0.99846	yes
Node2	46	S	0.32738	NO
Node2	47	P	0.71681	yes
Node2	48	A	0.78092	yes
Node2	49	V	0.91604	yes
Node2	50	S	0.51097	NO
Node2	51	K	0.96909	yes
Node2	52	A	0.49544	NO
Node2	53	I	0.83716	yes
Node2	54	T	0.43584	NO
Node2	55	V	0.35321	NO
Node2	56	A	0.99853	yes
Node2	57	E	0.99780	yes
Node2	58	I	0.62085	NO
Node2	59	V	0.51013	NO
Node2	60	K	0.96936	yes
Node2	61	R	0.90768	yes
Node2	62	K	0.43887	NO
Node2	63	L	0.39906	NO
Node2	64	P	0.12927	NO
Node2	65	G	0.79819	yes
Node2	66	L	0.37622	NO
Node2	67	D	0.23390	NO
Node2	68	K	0.17215	NO
Node2	69	K	0.52156	NO
Node2	70	W	0.27648	NO
Node2	71	H	0.89412	yes
Node2	72	Q	0.91649	yes
Node2	73	Y	0.39056	NO
Node2	74	T	0.57691	NO
Node2	75	S	0.14206	NO
Node2	76	L	0.45338	NO
Node2	77	G	0.24792	NO
Node2	78	S	0.31583	NO
Node2	79	V	0.21011	NO
Node2	80	T	0.34241	NO
Node3	1	N	0.53919	NO
Node3	2	E	0.89097	yes
Node3	3	V	0.78645	yes
Node3	4	Y	0.28911	NO
Node3	5	I	0.72347	yes
Node3	6	K	0.37342	NO
Node3	7	G	0.42718	NO
Node3	8	S	0.42646	NO
Node3	9	G	0.40467	NO
Node3	10	S	0.98715	yes
Node3	11	K	0.59334	NO
Node3	12	I	0.77093	yes
Node3	13	R	0.96405	yes
Node3	14	T	0.37854	NO
Node3	15	C	0.55240	NO
Node3	16	V	0.96644	yes
Node3	17	E	0.35713	NO
Node3	18	H	0.93752	yes
Node3	19	A	0.96656	yes
Node3	20	L	0.72851	yes
Node3	21	N	0.86013	yes
Node3	22	L	0.80262	yes
Node3	23	L	0.98114	yes
Node3	24	S	0.18622	NO
Node3	25	K	0.13895	NO
Node3	26	F	0.49559	NO
Node3	27	S	0.36090	NO
Node3	28	L	0.23914	NO
Node3	29	Q	0.37558	NO
Node3	30	N	0.41656	NO
Node3	31	E	0.73913	yes
Node3	32	K	0.62647	NO
Node3	33	L	0.16503	NO
Node3	34	D	0.24258	NO
Node3	35	L	0.44108	NO
Node3	36	K	0.25744	NO
Node3	37	E	0.57920	NO
Node3	38	L	0.27476	NO
Node3	39	I	0.95195	yes
Node3	40	I	0.57153	NO
Node3	41	I	0.78719	yes
Node3	42	T	0.72177	yes
Node3	43	G	0.95542	yes
Node3	44	S	0.17236	NO
Node3	45	G	0.99999	yes
Node3	46	S	0.42045	NO
Node3	47	P	0.70173	yes
Node3	48	A	0.98468	yes
Node3	49	V	0.87232	yes
Node3	50	T	0.48071	NO
Node3	51	K	0.98663	yes
Node3	52	A	0.98990	yes
Node3	53	I	0.91234	yes
Node3	54	T	0.68631	NO
Node3	55	T	0.42014	NO
Node3	56	A	0.99976	yes
Node3	57	E	0.99953	yes
Node3	58	I	0.83188	yes
Node3	59	V	0.42746	NO
Node3	60	K	0.99436	yes
Node3	61	R	0.89872	yes
Node3	62	K	0.65793	NO
Node3	63	L	0.31145	NO
Node3	64	P	0.30603	NO
Node3	65	G	0.97993	yes
Node3	66	L	0.90272	yes
Node3	67	D	0.25291	NO
Node3	68	K	0.15613	NO
Node3	69	K	0.34776	NO
Node3	70	L	0.34699	NO
Node3	71	H	0.99243	yes
Node3	72	Q	0.94422	yes
Node3	73	Y	0.25468	NO
Node3	74	T	0.66340	NO
Node3	75	H	0.20000	NO
Node3	76	L	0.52931	NO
Node3	77	G	0.24694	NO
Node3	78	S	0.36227	NO
Node3	79	S	0.39598	NO
Node3	80	E	0.44015	NO
Node4	1	H	0.57907	NO
Node4	2	E	0.90528	yes
Node4	3	V	0.81713	yes
Node4	4	F	0.43880	NO
Node4	5	I	0.76769	yes
Node4	6	K	0.86644	yes
Node4	7	G	0.36838	NO
Node4	8	S	0.58206	NO
Node4	9	G	0.92841	yes
Node4	10	S	0.99562	yes
Node4	11	K	0.93534	yes
Node4	12	I	0.89832	yes
Node4	13	R	0.99298	yes
Node4	14	T	0.54284	NO
Node4	15	C	0.73823	yes
Node4	16	V	0.97163	yes
Node4	17	S	0.63239	NO
Node4	18	H	0.97783	yes
Node4	19	A	0.98829	yes
Node4	20	L	0.78975	yes
Node4	21	N	0.91865	yes
Node4	22	L	0.84891	yes
Node4	23	L	0.97190	yes
Node4	24	S	0.17438	NO
Node4	25	K	0.13473	NO
Node4	26	F	0.45870	NO
Node4	27	S	0.32975	NO
Node4	28	L	0.23140	NO
Node4	29	Q	0.57260	NO
Node4	30	Q	0.90889	yes
Node4	31	E	0.84653	yes
Node4	32	K	0.68501	NO
Node4	33	P	0.15800	NO
Node4	34	D	0.27222	NO
Node4	35	L	0.38632	NO
Node4	36	K	0.51608	NO
Node4	37	E	0.71710	yes
Node4	38	L	0.50543	NO
Node4	39	I	0.98192	yes
Node4	40	I	0.70758	yes
Node4	41	I	0.84266	yes
Node4	42	T	0.83643	yes
Node4	43	G	0.99709	yes
Node4	44	S	0.45136	NO
Node4	45	G	0.99998	yes
Node4	46	S	0.36874	NO
Node4	47	P	0.76458	yes
Node4	48	A	0.99632	yes
Node4	49	V	0.94309	yes
Node4	50	T	0.80713	yes
Node4	51	K	0.99269	yes
Node4	52	A	0.99256	yes
Node4	53	I	0.90653	yes
Node4	54	T	0.90239	yes
Node4	55	T	0.63288	NO
Node4	56	A	0.99981	yes
Node4	57	E	0.99969	yes
Node4	58	I	0.89394	yes
Node4	59	V	0.56203	NO
Node4	60	K	0.99707	yes
Node4	61	R	0.96494	yes
Node4	62	K	0.74032	yes
Node4	63	L	0.30042	NO
Node4	64	K	0.40687	NO
Node4	65	G	0.99073	yes
Node4	66	L	0.95740	yes
Node4	67	D	0.22848	NO
Node4	68	K	0.14965	NO
Node4	69	K	0.32255	NO
Node4	70	L	0.34520	NO
Node4	71	H	0.99668	yes
Node4	72	Q	0.97580	yes
Node4	73	Y	0.25064	NO
Node4	74	T	0.60295	NO
Node4	75	H	0.45485	NO
Node4	76	L	0.84508	yes
Node4	77	F	0.23287	NO
Node4	78	F	0.65012	NO
Node4	79	S	0.61973	NO
Node4	80	K	0.76897	yes
Node5	1	H	0.19603	NO
Node5	2	H	0.26941	NO
Node5	3	M	0.78427	yes
Node5	4	R	0.15785	NO
Node5	5	V	0.70581	yes
Node5	6	K	0.84830	yes
Node5	7	G	0.27391	NO
Node5	8	E	0.32174	NO
Node5	9	G	0.92765	yes
Node5	10	S	0.98327	yes
Node5	11	K	0.94919	yes
Node5	12	I	0.81695	yes
Node5	13	R	0.96019	yes
Node5	14	N	0.47537	NO
Node5	15	L	0.51636	NO
Node5	16	V	0.48356	NO
Node5	17	A	0.45669	NO
Node5	18	H	0.70729	yes
Node5	19	A	0.93814	yes
Node5	20	T	0.33943	NO
Node5	21	N	0.38028	NO
Node5	22	L	0.30333	NO
Node5	23	L	0.59666	NO
Node5	24	S	0.15447	NO
Node5	25	K	0.12621	NO
Node5	26	F	0.39041	NO
Node5	27	S	0.27566	NO
Node5	28	L	0.21511	NO
Node5	29	A	0.22272	NO
Node5	30	Q	0.91135	yes
Node5	31	E	0.53017	NO
Node5	32	A	0.46117	NO
Node5	33	P	0.26829	NO
Node5	34	D	0.35829	NO
Node5	35	L	0.27547	NO
Node5	36	K	0.21303	NO
Node5	37	R	0.35139	NO
Node5	38	L	0.28858	NO
Node5	39	I	0.94028	yes
Node5	40	V	0.46177	NO
Node5	41	F	0.87745	yes
Node5	42	S	0.45960	NO
Node5	43	G	0.99249	yes
Node5	44	C	0.40030	NO
Node5	45	G	0.99467	yes
Node5	46	S	0.28911	NO
Node5	47	R	0.25436	NO
Node5	48	A	0.98397	yes
Node5	49	T	0.92827	yes
Node5	50	T	0.75867	yes
Node5	51	K	0.97433	yes
Node5	52	A	0.88490	yes
Node5	53	V	0.76508	yes
Node5	54	T	0.86515	yes
Node5	55	C	0.96699	yes
Node5	56	A	0.98692	yes
Node5	57	E	0.99753	yes
Node5	58	I	0.75911	yes
Node5	59	L	0.62294	NO
Node5	60	K	0.98692	yes
Node5	61	R	0.90114	yes
Node5	62	R	0.55206	NO
Node5	63	L	0.55030	NO
Node5	64	A	0.20178	NO
Node5	65	G	0.89307	yes
Node5	66	L	0.88435	yes
Node5	67	D	0.18664	NO
Node5	68	K	0.13740	NO
Node5	69	K	0.27677	NO
Node5	70	L	0.37150	NO
Node5	71	H	0.96500	yes
Node5	72	Q	0.93877	yes
Node5	73	V	0.18704	NO
Node5	74	T	0.85208	yes
Node5	75	R	0.53580	NO
Node5	76	L	0.83918	yes
Node5	77	R	0.18050	NO
Node5	78	Y	0.56730	NO
Node5	79	S	0.25424	NO
Node5	80	K	0.67391	NO
Node6	1	N	0.83724	yes
Node6	2	E	0.91058	yes
Node6	3	V	0.77840	yes
Node6	4	Y	0.35764	NO
Node6	5	I	0.70929	yes
Node6	6	G	0.34557	NO
Node6	7	G	0.50300	NO
Node6	8	S	0.30243	NO
Node6	9	N	0.57923	NO
Node6	10	S	0.96051	yes
Node6	11	K	0.47558	NO
Node6	12	I	0.68093	NO
Node6	13	R	0.53218	NO
Node6	14	S	0.33423	NO
Node6	15	C	0.37523	NO
Node6	16	V	0.89416	yes
Node6	17	E	0.60469	NO
Node6	18	H	0.90334	yes
Node6	19	A	0.91168	yes
Node6	20	L	0.68278	NO
Node6	21	N	0.85563	yes
Node6	22	L	0.82938	yes
Node6	23	L	0.97110	yes
Node6	24	S	0.17425	NO
Node6	25	K	0.13468	NO
Node6	26	F	0.45830	NO
Node6	27	S	0.32942	NO
Node6	28	L	0.23132	NO
Node6	29	Q	0.25270	NO
Node6	30	N	0.83800	yes
Node6	31	E	0.71162	yes
Node6	32	K	0.62302	NO
Node6	33	L	0.16277	NO
Node6	34	D	0.22340	NO
Node6	35	L	0.41406	NO
Node6	36	H	0.33470	NO
Node6	37	E	0.42573	NO
Node6	38	S	0.28990	NO
Node6	39	I	0.98023	yes
Node6	40	I	0.51729	NO
Node6	41	I	0.77423	yes
Node6	42	T	0.61666	NO
Node6	43	G	0.88382	yes
Node6	44	I	0.21040	NO
Node6	45	G	0.99999	yes
Node6	46	S	0.49076	NO
Node6	47	K	0.37837	NO
Node6	48	A	0.97725	yes
Node6	49	V	0.53653	NO
Node6	50	S	0.64468	NO
Node6	51	K	0.97382	yes
Node6	52	A	0.99926	yes
Node6	53	I	0.92044	yes
Node6	54	T	0.54673	NO
Node6	55	T	0.37498	NO
Node6	56	A	0.99757	yes
Node6	57	E	0.99765	yes
Node6	58	I	0.80882	yes
Node6	59	I	0.45996	NO
Node6	60	K	0.99065	yes
Node6	61	R	0.62253	NO
Node6	62	K	0.59105	NO
Node6	63	L	0.25283	NO
Node6	64	P	0.53763	NO
Node6	65	G	0.97039	yes
Node6	66	L	0.91781	yes
Node6	67	D	0.26667	NO
Node6	68	K	0.14957	NO
Node6	69	K	0.28209	NO
Node6	70	L	0.35917	NO
Node6	71	H	0.99088	yes
Node6	72	Q	0.85263	yes
Node6	73	I	0.35111	NO
Node6	74	T	0.76591	yes
Node6	75	E	0.15116	NO
Node6	76	I	0.68533	NO
Node6	77	G	0.33648	NO
Node6	78	T	0.49401	NO
Node6	79	T	0.36778	NO
Node6	80	E	0.90309	yes
Node7	1	N	0.91450	yes
Node7	2	E	0.90082	yes
Node7	3	V	0.80173	yes
Node7	4	Y	0.30317	NO
Node7	5	I	0.69156	NO
Node7	6	G	0.48284	NO
Node7	7	G	0.55197	NO
Node7	8	S	0.24197	NO
Node7	9	N	0.56587	NO
Node7	10	S	0.94692	yes
Node7	11	Q	0.60658	NO
Node7	12	I	0.63152	NO
Node7	13	R	0.40014	NO
Node7	14	S	0.40073	NO
Node7	15	Y	0.34838	NO
Node7	16	V	0.78529	yes
Node7	17	E	0.76684	yes
Node7	18	H	0.84807	yes
Node7	19	A	0.84584	yes
Node7	20	L	0.68179	NO
Node7	21	N	0.83150	yes
Node7	22	L	0.83530	yes
Node7	23	L	0.95410	yes
Node7	24	S	0.16881	NO
Node7	25	K	0.13253	NO
Node7	26	F	0.44048	NO
Node7	27	S	0.31486	NO
Node7	28	L	0.22730	NO
Node7	29	Q	0.20739	NO
Node7	30	N	0.89408	yes
Node7	31	E	0.70840	yes
Node7	32	K	0.60568	NO
Node7	33	L	0.16147	NO
Node7	34	D	0.21442	NO
Node7	35	L	0.40115	NO
Node7	36	H	0.51727	NO
Node7	37	D	0.43868	NO
Node7	38	S	0.41002	NO
Node7	39	I	0.98479	yes
Node7	40	I	0.48294	NO
Node7	41	I	0.74251	yes
Node7	42	T	0.58774	NO
Node7	43	A	0.82930	yes
Node7	44	I	0.25261	NO
Node7	45	G	0.99994	yes
Node7	46	S	0.53888	NO
Node7	47	K	0.67104	NO
Node7	48	A	0.96066	yes
Node7	49	I	0.52516	NO
Node7	50	S	0.71262	yes
Node7	51	K	0.97860	yes
Node7	52	A	0.99990	yes
Node7	53	I	0.95160	yes
Node7	54	T	0.47618	NO
Node7	55	T	0.37917	NO
Node7	56	A	0.99967	yes
Node7	57	E	0.99895	yes
Node7	58	I	0.83253	yes
Node7	59	I	0.50070	NO
Node7	60	K	0.99500	yes
Node7	61	R	0.43095	NO
Node7	62	K	0.53987	NO
Node7	63	F	0.28186	NO
Node7	64	P	0.72325	yes
Node7	65	G	0.95844	yes
Node7	66	L	0.93776	yes
Node7	67	D	0.27542	NO
Node7	68	K	0.14640	NO
Node7	69	K	0.25145	NO
Node7	70	L	0.36913	NO
Node7	71	H	0.99398	yes
Node7	72	Q	0.81222	yes
Node7	73	I	0.49216	NO
Node7	74	T	0.83421	yes
Node7	75	E	0.21067	NO
Node7	76	I	0.80883	yes
Node7	77	G	0.40412	NO
Node7	78	T	0.60978	NO
Node7	79	T	0.43040	NO
Node7	80	E	0.93600	yes
Node8	1	N	0.91302	yes
Node8	2	V	0.56625	NO
Node8	3	V	0.73160	yes
Node8	4	Y	0.30052	NO
Node8	5	V	0.56166	NO
Node8	6	G	0.46126	NO
Node8	7	G	0.44018	NO
Node8	8	S	0.21933	NO
Node8	9	N	0.61029	NO
Node8	10	S	0.59949	NO
Node8	11	Q	0.50695	NO
Node8	12	I	0.65821	NO
Node8	13	H	0.50706	NO
Node8	14	S	0.33088	NO
Node8	15	Y	0.40581	NO
Node8	16	V	0.77499	yes
Node8	17	E	0.73619	yes
Node8	18	H	0.77471	yes
Node8	19	A	0.73466	yes
Node8	20	L	0.47627	NO
Node8	21	K	0.38496	NO
Node8	22	L	0.70718	yes
Node8	23	L	0.96627	yes
Node8	24	S	0.16031	NO
Node8	25	K	0.12891	NO
Node8	26	F	0.41138	NO
Node8	27	S	0.29177	NO
Node8	28	L	0.22038	NO
Node8	29	K	0.23815	NO
Node8	30	N	0.86465	yes
Node8	31	E	0.75370	yes
Node8	32	K	0.59522	NO
Node8	33	L	0.15905	NO
Node8	34	D	0.20003	NO
Node8	35	L	0.38007	NO
Node8	36	H	0.33886	NO
Node8	37	D	0.32964	NO
Node8	38	S	0.37974	NO
Node8	39	I	0.96644	yes
Node8	40	T	0.25055	NO
Node8	41	I	0.77581	yes
Node8	42	T	0.50325	NO
Node8	43	A	0.87844	yes
Node8	44	L	0.18518	NO
Node8	45	G	0.98698	yes
Node8	46	S	0.45819	NO
Node8	47	K	0.68786	NO
Node8	48	A	0.95319	yes
Node8	49	I	0.49853	NO
Node8	50	S	0.65268	NO
Node8	51	K	0.95496	yes
Node8	52	A	0.99983	yes
Node8	53	I	0.94712	yes
Node8	54	S	0.42020	NO
Node8	55	I	0.40518	NO
Node8	56	A	0.99975	yes
Node8	57	E	0.99520	yes
Node8	58	I	0.79288	yes
Node8	59	L	0.57936	NO
Node8	60	K	0.99227	yes
Node8	61	N	0.33221	NO
Node8	62	K	0.61025	NO
Node8	63	F	0.56099	NO
Node8	64	P	0.70335	yes
Node8	65	G	0.73785	yes
Node8	66	L	0.91079	yes
Node8	67	D	0.29412	NO
Node8	68	K	0.14119	NO
Node8	69	K	0.20267	NO
Node8	70	L	0.39396	NO
Node8	71	H	0.96841	yes
Node8	72	E	0.72831	yes
Node8	73	I	0.46722	NO
Node8	74	T	0.80877	yes
Node8	75	E	0.14384	NO
Node8	76	I	0.82348	yes
Node8	77	G	0.25638	NO
Node8	78	T	0.57344	NO
Node8	79	T	0.36491	NO
Node8	80	E	0.90465	yes
Node9	1	N	0.84759	yes
Node9	2	V	0.66299	NO
Node9	3	V	0.76304	yes
Node9	4	Y	0.35453	NO
Node9	5	V	0.69680	NO
Node9	6	G	0.44003	NO
Node9	7	G	0.31313	NO
Node9	8	S	0.19464	NO
Node9	9	N	0.58188	NO
Node9	10	T	0.40036	NO
Node9	11	Q	0.47799	NO
Node9	12	I	0.53960	NO
Node9	13	H	0.46841	NO
Node9	14	S	0.31104	NO
Node9	15	Y	0.57268	NO
Node9	16	V	0.87418	yes
Node9	17	E	0.79203	yes
Node9	18	H	0.67178	NO
Node9	19	C	0.88824	yes
Node9	20	I	0.35334	NO
Node9	21	K	0.49198	NO
Node9	22	R	0.53731	NO
Node9	23	L	0.95205	yes
Node9	24	S	0.15036	NO
Node9	25	K	0.12422	NO
Node9	26	F	0.37514	NO
Node9	27	S	0.26422	NO
Node9	28	L	0.21113	NO
Node9	29	K	0.19343	NO
Node9	30	N	0.85251	yes
Node9	31	E	0.68297	NO
Node9	32	N	0.90646	yes
Node9	33	L	0.15551	NO
Node9	34	D	0.18260	NO
Node9	35	L	0.35382	NO
Node9	36	Y	0.33691	NO
Node9	37	D	0.25505	NO
Node9	38	E	0.50040	NO
Node9	39	I	0.86108	yes
Node9	40	T	0.45461	NO
Node9	41	I	0.87468	yes
Node9	42	T	0.44756	NO
Node9	43	A	0.87931	yes
Node9	44	L	0.16252	NO
Node9	45	G	0.98748	yes
Node9	46	S	0.37773	NO
Node9	47	K	0.62731	NO
Node9	48	A	0.99556	yes
Node9	49	I	0.60564	NO
Node9	50	S	0.60921	NO
Node9	51	K	0.94544	yes
Node9	52	A	0.99997	yes
Node9	53	I	0.88052	yes
Node9	54	S	0.68233	NO
Node9	55	I	0.60215	NO
Node9	56	A	0.99987	yes
Node9	57	E	0.99907	yes
Node9	58	I	0.74836	yes
Node9	59	L	0.66550	NO
Node9	60	K	0.98661	yes
Node9	61	N	0.78943	yes
Node9	62	K	0.61867	NO
Node9	63	F	0.42811	NO
Node9	64	P	0.31553	NO
Node9	65	G	0.59276	NO
Node9	66	L	0.80948	yes
Node9	67	D	0.32938	NO
Node9	68	K	0.13464	NO
Node9	69	Y	0.23443	NO
Node9	70	L	0.44936	NO
Node9	71	V	0.69465	NO
Node9	72	E	0.94283	yes
Node9	73	V	0.48796	NO
Node9	74	T	0.84261	yes
Node9	75	S	0.15099	NO
Node9	76	I	0.78063	yes
Node9	77	S	0.16430	NO
Node9	78	T	0.58821	NO
Node9	79	S	0.37103	NO
Node9	80	V	0.48477	NO
Node10	1	N	0.85157	yes
Node10	2	V	0.65661	NO
Node10	3	V	0.75895	yes
Node10	4	Y	0.39929	NO
Node10	5	V	0.70829	yes
Node10	6	G	0.45415	NO
Node10	7	G	0.29117	NO
Node10	8	S	0.19089	NO
Node10	9	N	0.60840	NO
Node10	10	T	0.37087	NO
Node10	11	Q	0.35520	NO
Node10	12	I	0.51002	NO
Node10	13	M	0.48710	NO
Node10	14	S	0.31639	NO
Node10	15	Y	0.59439	NO
Node10	16	V	0.91587	yes
Node10	17	E	0.77170	yes
Node10	18	H	0.62099	NO
Node10	19	C	0.88210	yes
Node10	20	I	0.37828	NO
Node10	21	K	0.48681	NO
Node10	22	R	0.52596	NO
Node10	23	L	0.95091	yes
Node10	24	S	0.14861	NO
Node10	25	K	0.12334	NO
Node10	26	F	0.36848	NO
Node10	27	S	0.25930	NO
Node10	28	L	0.20936	NO
Node10	29	K	0.18626	NO
Node10	30	N	0.84967	yes
Node10	31	E	0.69127	NO
Node10	32	N	0.89079	yes
Node10	33	L	0.15480	NO
Node10	34	D	0.17946	NO
Node10	35	L	0.34899	NO
Node10	36	Y	0.35780	NO
Node10	37	D	0.25477	NO
Node10	38	E	0.68974	NO
Node10	39	I	0.82051	yes
Node10	40	T	0.44821	NO
Node10	41	I	0.86929	yes
Node10	42	T	0.41770	NO
Node10	43	A	0.95696	yes
Node10	44	L	0.17289	NO
Node10	45	G	0.99896	yes
Node10	46	S	0.36487	NO
Node10	47	K	0.59803	NO
Node10	48	A	0.99572	yes
Node10	49	I	0.65293	NO
Node10	50	S	0.60826	NO
Node10	51	K	0.92606	yes
Node10	52	A	0.99991	yes
Node10	53	I	0.80301	yes
Node10	54	S	0.67256	NO
Node10	55	I	0.57207	NO
Node10	56	A	0.99981	yes
Node10	57	E	0.99799	yes
Node10	58	I	0.73678	yes
Node10	59	L	0.64264	NO
Node10	60	K	0.97957	yes
Node10	61	N	0.81019	yes
Node10	62	K	0.57897	NO
Node10	63	F	0.42523	NO
Node10	64	P	0.25660	NO
Node10	65	G	0.57529	NO
Node10	66	L	0.78952	yes
Node10	67	D	0.31754	NO
Node10	68	K	0.13344	NO
Node10	69	Y	0.22892	NO
Node10	70	L	0.41088	NO
Node10	71	V	0.73826	yes
Node10	72	E	0.94495	yes
Node10	73	V	0.51662	NO
Node10	74	T	0.81808	yes
Node10	75	S	0.14543	NO
Node10	76	I	0.79296	yes
Node10	77	S	0.17588	NO
Node10	78	T	0.60276	NO
Node10	79	S	0.36178	NO
Node10	80	V	0.48054	NO
Node11	1	N	0.91761	yes
Node11	2	V	0.71499	yes
Node11	3	V	0.84395	yes
Node11	4	Y	0.40849	NO
Node11	5	V	0.91019	yes
Node11	6	G	0.62152	NO
Node11	7	S	0.19468	NO
Node11	8	S	0.22608	NO
Node11	9	N	0.71716	yes
Node11	10	K	0.96053	yes
Node11	11	P	0.84501	yes
Node11	12	V	0.38402	NO
Node11	13	M	0.53868	NO
Node11	14	N	0.33309	NO
Node11	15	Y	0.93262	yes
Node11	16	V	0.98618	yes
Node11	17	E	0.49568	NO
Node11	18	H	0.35081	NO
Node11	19	C	0.86991	yes
Node11	20	I	0.39326	NO
Node11	21	R	0.31994	NO
Node11	22	R	0.47053	NO
Node11	23	L	0.88311	yes
Node11	24	S	0.14035	NO
Node11	25	K	0.11898	NO
Node11	26	F	0.33586	NO
Node11	27	S	0.23587	NO
Node11	28	L	0.20038	NO
Node11	29	K	0.15575	NO
Node11	30	N	0.85191	yes
Node11	31	E	0.82254	yes
Node11	32	G	0.74503	yes
Node11	33	L	0.15107	NO
Node11	34	D	0.16434	NO
Node11	35	L	0.32536	NO
Node11	36	Y	0.44393	NO
Node11	37	D	0.23861	NO
Node11	38	E	0.92825	yes
Node11	39	V	0.87935	yes
Node11	40	T	0.37225	NO
Node11	41	I	0.90570	yes
Node11	42	S	0.37292	NO
Node11	43	A	0.99789	yes
Node11	44	L	0.30668	NO
Node11	45	G	0.99997	yes
Node11	46	S	0.30877	NO
Node11	47	K	0.47075	NO
Node11	48	A	0.99650	yes
Node11	49	I	0.94505	yes
Node11	50	S	0.64373	NO
Node11	51	K	0.68693	NO
Node11	52	A	0.99952	yes
Node11	53	V	0.88112	yes
Node11	54	S	0.68347	NO
Node11	55	V	0.85569	yes
Node11	56	A	0.99790	yes
Node11	57	E	0.99925	yes
Node11	58	I	0.74396	yes
Node11	59	L	0.64421	NO
Node11	60	K	0.90140	yes
Node11	61	N	0.94044	yes
Node11	62	R	0.49835	NO
Node11	63	F	0.52223	NO
Node11	64	L	0.24657	NO
Node11	65	P	0.28034	NO
Node11	66	L	0.35572	NO
Node11	67	D	0.26489	NO
Node11	68	K	0.12753	NO
Node11	69	Y	0.20262	NO
Node11	70	L	0.24653	NO
Node11	71	V	0.87948	yes
Node11	72	E	0.93374	yes
Node11	73	V	0.65331	NO
Node11	74	K	0.93097	yes
Node11	75	D	0.15871	NO
Node11	76	I	0.88389	yes
Node11	77	S	0.20239	NO
Node11	78	T	0.75961	yes
Node11	79	S	0.30708	NO
Node11	80	T	0.52696	NO
Node12	1	N	0.99996	yes
Node12	2	V	0.99916	yes
Node12	3	V	0.99609	yes
Node12	4	Y	0.98710	yes
Node12	5	V	0.99992	yes
Node12	6	G	0.99998	yes
Node12	7	S	0.16882	NO
Node12	8	K	0.25367	NO
Node12	9	N	0.76695	yes
Node12	10	K	0.99999	yes
Node12	11	P	1.00000	yes
Node12	12	V	0.99962	yes
Node12	13	M	0.99991	yes
Node12	14	N	0.99988	yes
Node12	15	Y	0.99997	yes
Node12	16	V	0.99999	yes
Node12	17	L	0.99978	yes
Node12	18	A	0.99987	yes
Node12	19	C	0.92746	yes
Node12	20	I	0.88533	yes
Node12	21	T	0.99987	yes
Node12	22	Q	0.99981	yes
Node12	23	F	0.99994	yes
Node12	24	S	0.12963	NO
Node12	25	K	0.11274	NO
Node12	26	F	0.28993	NO
Node12	27	S	0.20482	NO
Node12	28	L	0.18695	NO
Node12	29	N	0.12622	NO
Node12	30	N	0.99978	yes
Node12	31	E	0.99844	yes
Node12	32	G	0.99999	yes
Node12	33	L	0.14516	NO
Node12	34	D	0.14387	NO
Node12	35	L	0.29207	NO
Node12	36	A	0.99924	yes
Node12	37	N	0.99365	yes
Node12	38	E	0.99994	yes
Node12	39	V	0.99998	yes
Node12	40	R	0.76643	yes
Node12	41	I	0.99933	yes
Node12	42	K	0.99896	yes
Node12	43	A	1.00000	yes
Node12	44	R	0.99981	yes
Node12	45	G	1.00000	yes
Node12	46	S	0.24555	NO
Node12	47	R	0.99966	yes
Node12	48	A	0.99999	yes
Node12	49	I	0.99999	yes
Node12	50	S	0.99979	yes
Node12	51	R	0.99987	yes
Node12	52	A	1.00000	yes
Node12	53	V	0.99998	yes
Node12	54	D	0.99991	yes
Node12	55	V	0.99992	yes
Node12	56	A	1.00000	yes
Node12	57	E	1.00000	yes
Node12	58	I	0.99843	yes
Node12	59	V	0.99347	yes
Node12	60	R	0.99989	yes
Node12	61	N	0.99996	yes
Node12	62	R	0.99913	yes
Node12	63	F	0.99941	yes
Node12	64	M	0.98352	yes
Node12	65	P	0.99995	yes
Node12	66	E	0.98156	yes
Node12	67	D	0.20401	NO
Node12	68	K	0.11927	NO
Node12	69	Y	0.16760	NO
Node12	70	Q	0.52099	NO
Node12	71	V	0.99987	yes
Node12	72	E	0.99918	yes
Node12	73	V	0.99392	yes
Node12	74	K	0.99997	yes
Node12	75	D	0.99855	yes
Node12	76	I	0.99991	yes
Node12	77	K	0.97498	yes
Node12	78	I	0.99957	yes
Node12	79	G	0.99974	yes
Node12	80	T	0.99997	yes
Node13	1	N	0.99998	yes
Node13	2	V	0.99873	yes
Node13	3	V	0.99048	yes
Node13	4	Y	0.95825	yes
Node13	5	V	0.99992	yes
Node13	6	G	1.00000	yes
Node13	7	S	0.16814	NO
Node13	8	K	0.25723	NO
Node13	9	N	0.96635	yes
Node13	10	K	0.99999	yes
Node13	11	P	1.00000	yes
Node13	12	V	0.99977	yes
Node13	13	M	0.99974	yes
Node13	14	N	0.99996	yes
Node13	15	Y	0.99998	yes
Node13	16	V	1.00000	yes
Node13	17	L	0.99990	yes
Node13	18	A	0.99996	yes
Node13	19	V	0.90430	yes
Node13	20	I	0.75951	yes
Node13	21	T	0.99996	yes
Node13	22	Q	0.99993	yes
Node13	23	F	0.99999	yes
Node13	24	S	0.12935	NO
Node13	25	K	0.11257	NO
Node13	26	F	0.28866	NO
Node13	27	S	0.20400	NO
Node13	28	L	0.18657	NO
Node13	29	N	0.12831	NO
Node13	30	N	0.99898	yes
Node13	31	E	0.99502	yes
Node13	32	G	1.00000	yes
Node13	33	L	0.14499	NO
Node13	34	D	0.14332	NO
Node13	35	L	0.29115	NO
Node13	36	A	0.99953	yes
Node13	37	N	0.98957	yes
Node13	38	E	0.99995	yes
Node13	39	V	0.99999	yes
Node13	40	R	0.64474	NO
Node13	41	I	0.99787	yes
Node13	42	K	0.99864	yes
Node13	43	A	1.00000	yes
Node13	44	R	0.99990	yes
Node13	45	G	1.00000	yes
Node13	46	S	0.24401	NO
Node13	47	R	0.99976	yes
Node13	48	A	0.99999	yes
Node13	49	I	0.99999	yes
Node13	50	S	0.99986	yes
Node13	51	R	0.99997	yes
Node13	52	A	1.00000	yes
Node13	53	V	0.99999	yes
Node13	54	D	0.99998	yes
Node13	55	V	0.99995	yes
Node13	56	A	1.00000	yes
Node13	57	E	1.00000	yes
Node13	58	I	0.99645	yes
Node13	59	V	0.98952	yes
Node13	60	R	0.99998	yes
Node13	61	N	0.99995	yes
Node13	62	R	0.99841	yes
Node13	63	F	0.99891	yes
Node13	64	M	0.96599	yes
Node13	65	P	0.99999	yes
Node13	66	E	0.95264	yes
Node13	67	D	0.20252	NO
Node13	68	K	0.11904	NO
Node13	69	Y	0.16667	NO
Node13	70	Q	0.54735	NO
Node13	71	V	0.99987	yes
Node13	72	E	0.99763	yes
Node13	73	V	0.98789	yes
Node13	74	K	0.99994	yes
Node13	75	D	0.99810	yes
Node13	76	I	0.99992	yes
Node13	77	K	0.95573	yes
Node13	78	I	0.99977	yes
Node13	79	G	0.99972	yes
Node13	80	T	0.99999	yes
Node14	1	N	0.99999	yes
Node14	2	V	0.98584	yes
Node14	3	V	0.99479	yes
Node14	4	F	0.83351	yes
Node14	5	V	0.99934	yes
Node14	6	G	1.00000	yes
Node14	7	S	0.16596	NO
Node14	8	K	0.26938	NO
Node14	9	N	0.99966	yes
Node14	10	K	1.00000	yes
Node14	11	P	1.00000	yes
Node14	12	V	0.99993	yes
Node14	13	M	1.00000	yes
Node14	14	N	0.99999	yes
Node14	15	Y	0.99999	yes
Node14	16	V	1.00000	yes
Node14	17	L	0.99996	yes
Node14	18	A	0.99999	yes
Node14	19	V	0.99673	yes
Node14	20	V	0.91882	yes
Node14	21	T	0.99999	yes
Node14	22	Q	0.99998	yes
Node14	23	F	0.99999	yes
Node14	24	S	0.12844	NO
Node14	25	K	0.11201	NO
Node14	26	F	0.28454	NO
Node14	27	S	0.20134	NO
Node14	28	L	0.18532	NO
Node14	29	N	0.13608	NO
Node14	30	N	0.99999	yes
Node14	31	E	0.86595	yes
Node14	32	G	1.00000	yes
Node14	33	L	0.14442	NO
Node14	34	D	0.14153	NO
Node14	35	L	0.28817	NO
Node14	36	A	0.99951	yes
Node14	37	N	0.99075	yes
Node14	38	E	0.99998	yes
Node14	39	V	1.00000	yes
Node14	40	T	0.76927	yes
Node14	41	I	0.99989	yes
Node14	42	K	0.99998	yes
Node14	43	A	1.00000	yes
Node14	44	R	0.99997	yes
Node14	45	G	1.00000	yes
Node14	46	S	0.23912	NO
Node14	47	R	0.99915	yes
Node14	48	A	1.00000	yes
Node14	49	I	1.00000	yes
Node14	50	S	0.99995	yes
Node14	51	R	0.99998	yes
Node14	52	A	1.00000	yes
Node14	53	V	1.00000	yes
Node14	54	D	0.99999	yes
Node14	55	V	0.99988	yes
Node14	56	A	1.00000	yes
Node14	57	E	1.00000	yes
Node14	58	I	0.99672	yes
Node14	59	V	0.99915	yes
Node14	60	R	1.00000	yes
Node14	61	N	0.99875	yes
Node14	62	R	0.99997	yes
Node14	63	F	0.99996	yes
Node14	64	L	0.75874	yes
Node14	65	P	0.99998	yes
Node14	66	D	0.98462	yes
Node14	67	D	0.19777	NO
Node14	68	K	0.11830	NO
Node14	69	Y	0.16366	NO
Node14	70	Q	0.64458	NO
Node14	71	V	0.99927	yes
Node14	72	E	0.95279	yes
Node14	73	V	0.90626	yes
Node14	74	K	0.99488	yes
Node14	75	D	0.97783	yes
Node14	76	I	0.99996	yes
Node14	77	K	0.94990	yes
Node14	78	I	0.99993	yes
Node14	79	G	0.99008	yes
Node14	80	T	0.99982	yes
Node15	1	N	0.99997	yes
Node15	2	T	0.96428	yes
Node15	3	V	0.99997	yes
Node15	4	F	0.99683	yes
Node15	5	V	0.99999	yes
Node15	6	G	1.00000	yes
Node15	7	S	0.16430	NO
Node15	8	K	0.27951	NO
Node15	9	N	0.99998	yes
Node15	10	K	1.00000	yes
Node15	11	P	1.00000	yes
Node15	12	V	0.99998	yes
Node15	13	M	1.00000	yes
Node15	14	N	1.00000	yes
Node15	15	Y	1.00000	yes
Node15	16	V	1.00000	yes
Node15	17	L	0.99992	yes
Node15	18	A	1.00000	yes
Node15	19	V	0.99950	yes
Node15	20	V	0.95592	yes
Node15	21	T	1.00000	yes
Node15	22	Q	1.00000	yes
Node15	23	F	1.00000	yes
Node15	24	S	0.12775	NO
Node15	25	K	0.11158	NO
Node15	26	F	0.28137	NO
Node15	27	S	0.19930	NO
Node15	28	L	0.18436	NO
Node15	29	N	0.14325	NO
Node15	30	N	1.00000	yes
Node15	31	Q	0.91025	yes
Node15	32	G	1.00000	yes
Node15	33	L	0.14398	NO
Node15	34	D	0.14017	NO
Node15	35	L	0.28587	NO
Node15	36	A	0.99994	yes
Node15	37	N	0.97891	yes
Node15	38	E	0.99996	yes
Node15	39	V	1.00000	yes
Node15	40	T	0.62936	NO
Node15	41	I	0.99999	yes
Node15	42	K	1.00000	yes
Node15	43	A	1.00000	yes
Node15	44	R	1.00000	yes
Node15	45	G	1.00000	yes
Node15	46	S	0.23543	NO
Node15	47	R	0.99993	yes
Node15	48	A	1.00000	yes
Node15	49	I	1.00000	yes
Node15	50	S	0.99999	yes
Node15	51	R	1.00000	yes
Node15	52	A	1.00000	yes
Node15	53	V	1.00000	yes
Node15	54	D	1.00000	yes
Node15	55	V	0.99978	yes
Node15	56	A	1.00000	yes
Node15	57	E	1.00000	yes
Node15	58	I	0.99962	yes
Node15	59	V	0.99998	yes
Node15	60	R	1.00000	yes
Node15	61	N	0.99354	yes
Node15	62	R	1.00000	yes
Node15	63	F	1.00000	yes
Node15	64	L	0.98580	yes
Node15	65	P	0.99987	yes
Node15	66	D	0.99636	yes
Node15	67	D	0.19418	NO
Node15	68	K	0.11774	NO
Node15	69	Y	0.16136	NO
Node15	70	Q	0.72067	yes
Node15	71	V	0.99996	yes
Node15	72	D	0.98409	yes
Node15	73	V	0.95402	yes
Node15	74	K	0.99991	yes
Node15	75	D	0.99622	yes
Node15	76	I	1.00000	yes
Node15	77	K	0.99943	yes
Node15	78	I	0.99998	yes
Node15	79	G	0.98658	yes
Node15	80	T	0.98417	yes
Node16	1	N	0.99994	yes
Node16	2	T	0.99430	yes
Node16	3	V	0.99987	yes
Node16	4	F	0.97769	yes
Node16	5	V	0.99913	yes
Node16	6	G	1.00000	yes
Node16	7	S	0.16329	NO
Node16	8	K	0.28608	NO
Node16	9	N	0.97905	yes
Node16	10	K	1.00000	yes
Node16	11	P	1.00000	yes
Node16	12	V	0.99952	yes
Node16	13	M	0.99999	yes
Node16	14	N	0.99995	yes
Node16	15	Y	0.99999	yes
Node16	16	V	1.00000	yes
Node16	17	L	0.99653	yes
Node16	18	A	0.99998	yes
Node16	19	V	0.99984	yes
Node16	20	V	0.96426	yes
Node16	21	T	0.99982	yes
Node16	22	Q	0.99991	yes
Node16	23	F	0.99997	yes
Node16	24	S	0.12733	NO
Node16	25	K	0.11131	NO
Node16	26	F	0.27943	NO
Node16	27	S	0.19806	NO
Node16	28	L	0.18377	NO
Node16	29	N	0.14826	NO
Node16	30	N	0.99999	yes
Node16	31	Q	0.93403	yes
Node16	32	G	1.00000	yes
Node16	33	L	0.14371	NO
Node16	34	D	0.13933	NO
Node16	35	L	0.28446	NO
Node16	36	A	0.99747	yes
Node16	37	N	0.98088	yes
Node16	38	E	0.99992	yes
Node16	39	V	0.99999	yes
Node16	40	T	0.49434	NO
Node16	41	I	0.99954	yes
Node16	42	K	0.99997	yes
Node16	43	A	1.00000	yes
Node16	44	R	0.99994	yes
Node16	45	G	1.00000	yes
Node16	46	S	0.23320	NO
Node16	47	R	0.99440	yes
Node16	48	A	0.99995	yes
Node16	49	I	1.00000	yes
Node16	50	S	0.99968	yes
Node16	51	R	0.99963	yes
Node16	52	A	1.00000	yes
Node16	53	V	1.00000	yes
Node16	54	D	0.99999	yes
Node16	55	T	0.74526	yes
Node16	56	A	0.99999	yes
Node16	57	E	1.00000	yes
Node16	58	I	0.99592	yes
Node16	59	V	0.99819	yes
Node16	60	R	0.99981	yes
Node16	61	N	0.99808	yes
Node16	62	R	0.99996	yes
Node16	63	F	0.99995	yes
Node16	64	L	0.99414	yes
Node16	65	P	0.99781	yes
Node16	66	G	0.98363	yes
Node16	67	D	0.19201	NO
Node16	68	K	0.11739	NO
Node16	69	Y	0.15996	NO
Node16	70	Q	0.80466	yes
Node16	71	V	0.99792	yes
Node16	72	D	0.98225	yes
Node16	73	V	0.89502	yes
Node16	74	K	0.99986	yes
Node16	75	D	0.99311	yes
Node16	76	I	0.99989	yes
Node16	77	K	0.99362	yes
Node16	78	I	0.99947	yes
Node16	79	G	0.97789	yes
Node16	80	T	0.96456	yes
Node17	1	N	0.99865	yes
Node17	2	T	0.99389	yes
Node17	3	V	0.99882	yes
Node17	4	F	0.78982	yes
Node17	5	V	0.99614	yes
Node17	6	G	1.00000	yes
Node17	7	S	0.16176	NO
Node17	8	K	0.29667	NO
Node17	9	K	0.97459	yes
Node17	10	K	1.00000	yes
Node17	11	P	1.00000	yes
Node17	12	V	0.99822	yes
Node17	13	M	0.99715	yes
Node17	14	N	0.99996	yes
Node17	15	Y	0.99999	yes
Node17	16	V	1.00000	yes
Node17	17	L	0.95099	yes
Node17	18	A	0.99998	yes
Node17	19	V	0.99908	yes
Node17	20	V	0.94800	yes
Node17	21	T	0.98776	yes
Node17	22	Q	0.99535	yes
Node17	23	F	0.99804	yes
Node17	24	S	0.12669	NO
Node17	25	K	0.11091	NO
Node17	26	F	0.27648	NO
Node17	27	S	0.19618	NO
Node17	28	L	0.18286	NO
Node17	29	N	0.15690	NO
Node17	30	N	0.99975	yes
Node17	31	Q	0.99810	yes
Node17	32	G	1.00000	yes
Node17	33	L	0.14330	NO
Node17	34	D	0.13806	NO
Node17	35	L	0.28232	NO
Node17	36	A	0.96660	yes
Node17	37	N	0.98466	yes
Node17	38	E	0.99915	yes
Node17	39	V	0.99962	yes
Node17	40	V	0.93390	yes
Node17	41	I	0.99512	yes
Node17	42	K	0.99997	yes
Node17	43	A	1.00000	yes
Node17	44	R	0.99992	yes
Node17	45	G	1.00000	yes
Node17	46	S	0.22985	NO
Node17	47	R	0.99843	yes
Node17	48	A	0.99682	yes
Node17	49	I	0.99999	yes
Node17	50	S	0.99972	yes
Node17	51	R	0.98621	yes
Node17	52	A	1.00000	yes
Node17	53	V	1.00000	yes
Node17	54	D	0.99997	yes
Node17	55	T	0.75725	yes
Node17	56	A	0.99853	yes
Node17	57	E	0.99998	yes
Node17	58	I	0.96587	yes
Node17	59	V	0.99966	yes
Node17	60	R	0.99999	yes
Node17	61	N	0.99823	yes
Node17	62	R	0.99998	yes
Node17	63	F	0.99993	yes
Node17	64	L	0.99625	yes
Node17	65	P	0.99716	yes
Node17	66	G	0.99959	yes
Node17	67	D	0.18875	NO
Node17	68	K	0.11687	NO
Node17	69	Y	0.15783	NO
Node17	70	Q	0.94386	yes
Node17	71	V	0.99880	yes
Node17	72	D	0.98219	yes
Node17	73	V	0.76993	yes
Node17	74	K	0.99731	yes
Node17	75	D	0.99566	yes
Node17	76	I	0.99916	yes
Node17	77	K	0.99121	yes
Node17	78	I	0.99967	yes
Node17	79	G	0.97464	yes
Node17	80	S	0.97013	yes
Node18	1	N	0.99919	yes
Node18	2	T	0.98559	yes
Node18	3	V	0.99854	yes
Node18	4	L	0.76602	yes
Node18	5	V	0.99626	yes
Node18	6	G	1.00000	yes
Node18	7	S	0.15908	NO
Node18	8	K	0.27788	NO
Node18	9	K	0.97226	yes
Node18	10	K	0.99998	yes
Node18	11	P	1.00000	yes
Node18	12	V	0.99888	yes
Node18	13	M	0.99995	yes
Node18	14	N	0.99992	yes
Node18	15	Y	0.99995	yes
Node18	16	V	0.99999	yes
Node18	17	L	0.94432	yes
Node18	18	A	0.99994	yes
Node18	19	V	0.99257	yes
Node18	20	L	0.95781	yes
Node18	21	T	0.99949	yes
Node18	22	L	0.86398	yes
Node18	23	L	0.91725	yes
Node18	24	S	0.12556	NO
Node18	25	K	0.11019	NO
Node18	26	F	0.27121	NO
Node18	27	S	0.19285	NO
Node18	28	L	0.18124	NO
Node18	29	N	0.17614	NO
Node18	30	N	0.97379	yes
Node18	31	Q	0.99919	yes
Node18	32	G	1.00000	yes
Node18	33	L	0.14256	NO
Node18	34	D	0.13581	NO
Node18	35	L	0.27849	NO
Node18	36	A	0.66751	NO
Node18	37	N	0.94300	yes
Node18	38	E	0.98680	yes
Node18	39	V	0.93827	yes
Node18	40	V	0.97121	yes
Node18	41	I	0.88146	yes
Node18	42	K	0.99989	yes
Node18	43	A	1.00000	yes
Node18	44	R	0.99973	yes
Node18	45	G	1.00000	yes
Node18	46	S	0.22399	NO
Node18	47	R	0.99939	yes
Node18	48	A	0.99349	yes
Node18	49	I	0.99998	yes
Node18	50	S	0.99682	yes
Node18	51	R	0.78461	yes
Node18	52	A	1.00000	yes
Node18	53	V	0.99999	yes
Node18	54	D	0.99996	yes
Node18	55	T	0.98717	yes
Node18	56	V	0.99473	yes
Node18	57	E	0.99999	yes
Node18	58	I	0.98235	yes
Node18	59	V	0.99847	yes
Node18	60	R	0.99987	yes
Node18	61	N	0.99924	yes
Node18	62	R	0.99985	yes
Node18	63	F	0.99975	yes
Node18	64	L	0.98359	yes
Node18	65	P	0.99718	yes
Node18	66	G	0.99703	yes
Node18	67	D	0.18305	NO
Node18	68	K	0.11593	NO
Node18	69	Y	0.15406	NO
Node18	70	Q	0.90943	yes
Node18	71	V	0.98862	yes
Node18	72	D	0.94598	yes
Node18	73	V	0.52783	NO
Node18	74	K	0.98770	yes
Node18	75	D	0.97460	yes
Node18	76	I	0.99849	yes
Node18	77	K	0.88261	yes
Node18	78	I	0.99945	yes
Node18	79	G	0.98118	yes
Node18	80	S	0.99869	yes
Node19	1	N	0.94846	yes
Node19	2	T	0.93204	yes
Node19	3	V	0.95468	yes
Node19	4	L	0.74964	yes
Node19	5	V	0.90585	yes
Node19	6	G	0.99989	yes
Node19	7	S	0.15517	NO
Node19	8	K	0.25274	NO
Node19	9	R	0.73106	yes
Node19	10	K	0.99963	yes
Node19	11	P	0.99998	yes
Node19	12	V	0.97416	yes
Node19	13	M	0.99233	yes
Node19	14	N	0.99808	yes
Node19	15	Y	0.99905	yes
Node19	16	V	0.99970	yes
Node19	17	L	0.91341	yes
Node19	18	A	0.99843	yes
Node19	19	V	0.87849	yes
Node19	20	L	0.98227	yes
Node19	21	T	0.98468	yes
Node19	22	L	0.77899	yes
Node19	23	L	0.98113	yes
Node19	24	S	0.12391	NO
Node19	25	K	0.10912	NO
Node19	26	F	0.26338	NO
Node19	27	S	0.18797	NO
Node19	28	L	0.17882	NO
Node19	29	N	0.21707	NO
Node19	30	E	0.87467	yes
Node19	31	Q	0.96662	yes
Node19	32	G	0.99997	yes
Node19	33	L	0.14144	NO
Node19	34	D	0.13249	NO
Node19	35	L	0.27282	NO
Node19	36	A	0.59660	NO
Node19	37	N	0.88842	yes
Node19	38	E	0.92787	yes
Node19	39	V	0.98762	yes
Node19	40	V	0.92890	yes
Node19	41	I	0.77994	yes
Node19	42	K	0.99822	yes
Node19	43	A	0.99996	yes
Node19	44	R	0.99542	yes
Node19	45	G	1.00000	yes
Node19	46	S	0.21559	NO
Node19	47	R	0.99220	yes
Node19	48	N	0.90552	yes
Node19	49	I	0.99963	yes
Node19	50	S	0.82046	yes
Node19	51	R	0.81628	yes
Node19	52	A	0.99996	yes
Node19	53	V	0.99971	yes
Node19	54	D	0.99918	yes
Node19	55	T	0.96077	yes
Node19	56	V	0.99932	yes
Node19	57	E	0.99988	yes
Node19	58	I	0.93097	yes
Node19	59	V	0.95574	yes
Node19	60	R	0.98342	yes
Node19	61	N	0.95690	yes
Node19	62	R	0.99088	yes
Node19	63	F	0.99636	yes
Node19	64	L	0.56039	NO
Node19	65	K	0.74054	yes
Node19	66	N	0.80154	yes
Node19	67	D	0.17489	NO
Node19	68	K	0.11455	NO
Node19	69	Y	0.14853	NO
Node19	70	Q	0.66920	NO
Node19	71	V	0.50279	NO
Node19	72	E	0.51290	NO
Node19	73	I	0.72020	yes
Node19	74	K	0.99743	yes
Node19	75	D	0.90370	yes
Node19	76	I	0.95392	yes
Node19	77	K	0.87508	yes
Node19	78	I	0.99315	yes
Node19	79	G	0.51109	NO
Node19	80	S	0.99845	yes
Node20	1	N	0.99983	yes
Node20	2	T	0.98224	yes
Node20	3	V	0.99949	yes
Node20	4	L	0.83478	yes
Node20	5	V	0.99913	yes
Node20	6	G	0.99999	yes
Node20	7	S	0.15765	NO
Node20	8	K	0.26843	NO
Node20	9	K	0.99328	yes
Node20	10	K	0.99998	yes
Node20	11	P	1.00000	yes
Node20	12	V	0.99928	yes
Node20	13	M	0.99999	yes
Node20	14	N	0.99990	yes
Node20	15	Y	0.99994	yes
Node20	16	V	0.99998	yes
Node20	17	L	0.92199	yes
Node20	18	A	0.99992	yes
Node20	19	V	0.98957	yes
Node20	20	L	0.99246	yes
Node20	21	T	0.99987	yes
Node20	22	L	0.98025	yes
Node20	23	L	0.91397	yes
Node20	24	S	0.12496	NO
Node20	25	K	0.10980	NO
Node20	26	F	0.26837	NO
Node20	27	S	0.19107	NO
Node20	28	L	0.18037	NO
Node20	29	N	0.16287	NO
Node20	30	N	0.96128	yes
Node20	31	Q	0.99974	yes
Node20	32	G	1.00000	yes
Node20	33	L	0.14216	NO
Node20	34	D	0.13460	NO
Node20	35	L	0.27644	NO
Node20	36	V	0.86083	yes
Node20	37	N	0.85127	yes
Node20	38	E	0.98214	yes
Node20	39	I	0.90162	yes
Node20	40	V	0.97399	yes
Node20	41	I	0.84401	yes
Node20	42	K	0.99987	yes
Node20	43	A	1.00000	yes
Node20	44	R	0.99970	yes
Node20	45	G	1.00000	yes
Node20	46	S	0.22091	NO
Node20	47	R	0.99946	yes
Node20	48	A	0.99951	yes
Node20	49	I	0.99998	yes
Node20	50	S	0.99907	yes
Node20	51	K	0.86338	yes
Node20	52	A	1.00000	yes
Node20	53	V	0.99998	yes
Node20	54	D	0.99995	yes
Node20	55	T	0.99941	yes
Node20	56	V	0.99982	yes
Node20	57	E	0.99999	yes
Node20	58	I	0.99503	yes
Node20	59	V	0.99917	yes
Node20	60	R	0.99997	yes
Node20	61	N	0.99987	yes
Node20	62	R	0.99989	yes
Node20	63	F	0.99973	yes
Node20	64	L	0.99424	yes
Node20	65	P	0.99988	yes
Node20	66	G	0.99984	yes
Node20	67	D	0.18006	NO
Node20	68	K	0.11543	NO
Node20	69	Y	0.15205	NO
Node20	70	Q	0.89640	yes
Node20	71	V	0.99731	yes
Node20	72	D	0.94838	yes
Node20	73	V	0.50298	NO
Node20	74	K	0.46398	NO
Node20	75	D	0.95374	yes
Node20	76	I	0.99942	yes
Node20	77	K	0.74379	yes
Node20	78	I	0.99945	yes
Node20	79	G	0.99874	yes
Node20	80	S	0.99974	yes
Node21	1	N	0.94540	yes
Node21	2	T	0.98696	yes
Node21	3	V	0.98599	yes
Node21	4	F	0.78182	yes
Node21	5	V	0.96596	yes
Node21	6	G	0.99999	yes
Node21	7	S	0.16049	NO
Node21	8	K	0.30623	NO
Node21	9	K	0.99438	yes
Node21	10	K	0.99998	yes
Node21	11	P	1.00000	yes
Node21	12	V	0.97643	yes
Node21	13	T	0.95993	yes
Node21	14	N	0.99946	yes
Node21	15	Y	0.99994	yes
Node21	16	V	0.99998	yes
Node21	17	L	0.86151	yes
Node21	18	A	0.99989	yes
Node21	19	V	0.99374	yes
Node21	20	V	0.95884	yes
Node21	21	M	0.95977	yes
Node21	22	Q	0.99590	yes
Node21	23	F	0.99988	yes
Node21	24	S	0.12616	NO
Node21	25	K	0.11057	NO
Node21	26	F	0.27399	NO
Node21	27	S	0.19460	NO
Node21	28	L	0.18210	NO
Node21	29	N	0.14769	NO
Node21	30	N	0.99969	yes
Node21	31	Q	0.99840	yes
Node21	32	G	1.00000	yes
Node21	33	L	0.14295	NO
Node21	34	D	0.13700	NO
Node21	35	L	0.28051	NO
Node21	36	A	0.95852	yes
Node21	37	N	0.97808	yes
Node21	38	E	0.99751	yes
Node21	39	V	0.99994	yes
Node21	40	V	0.94019	yes
Node21	41	I	0.99319	yes
Node21	42	K	0.99987	yes
Node21	43	A	0.99998	yes
Node21	44	R	0.99935	yes
Node21	45	G	1.00000	yes
Node21	46	S	0.22706	NO
Node21	47	R	0.99315	yes
Node21	48	A	0.98154	yes
Node21	49	I	0.99994	yes
Node21	50	S	0.99830	yes
Node21	51	R	0.98525	yes
Node21	52	A	1.00000	yes
Node21	53	V	0.99999	yes
Node21	54	D	0.99897	yes
Node21	55	T	0.72857	yes
Node21	56	A	0.99983	yes
Node21	57	E	0.99797	yes
Node21	58	I	0.57813	NO
Node21	59	V	0.99811	yes
Node21	60	R	0.99993	yes
Node21	61	N	0.97106	yes
Node21	62	R	0.99990	yes
Node21	63	F	0.99960	yes
Node21	64	L	0.99447	yes
Node21	65	P	0.94882	yes
Node21	66	G	0.99997	yes
Node21	67	D	0.18604	NO
Node21	68	K	0.11643	NO
Node21	69	Y	0.15605	NO
Node21	70	Q	0.95883	yes
Node21	71	V	0.99828	yes
Node21	72	D	0.98088	yes
Node21	73	V	0.74742	yes
Node21	74	K	0.97115	yes
Node21	75	D	0.99386	yes
Node21	76	I	0.99135	yes
Node21	77	K	0.99339	yes
Node21	78	I	0.99611	yes
Node21	79	G	0.86284	yes
Node21	80	S	0.99435	yes
Node22	1	N	0.91946	yes
Node22	2	T	0.78455	yes
Node22	3	V	0.98815	yes
Node22	4	F	0.80605	yes
Node22	5	V	0.65761	NO
Node22	6	G	0.99995	yes
Node22	7	S	0.15875	NO
Node22	8	K	0.32044	NO
Node22	9	K	0.99600	yes
Node22	10	K	0.99991	yes
Node22	11	P	0.99999	yes
Node22	12	V	0.92450	yes
Node22	13	T	0.99459	yes
Node22	14	N	0.99321	yes
Node22	15	Y	0.99974	yes
Node22	16	V	0.99993	yes
Node22	17	L	0.78145	yes
Node22	18	A	0.99918	yes
Node22	19	V	0.99272	yes
Node22	20	V	0.95009	yes
Node22	21	M	0.97691	yes
Node22	22	Q	0.99285	yes
Node22	23	F	0.99985	yes
Node22	24	S	0.12542	NO
Node22	25	K	0.11010	NO
Node22	26	F	0.27056	NO
Node22	27	S	0.19244	NO
Node22	28	L	0.18104	NO
Node22	29	N	0.13634	NO
Node22	30	N	0.99163	yes
Node22	31	Q	0.99624	yes
Node22	32	G	0.99999	yes
Node22	33	L	0.14247	NO
Node22	34	D	0.13553	NO
Node22	35	L	0.27803	NO
Node22	36	A	0.95210	yes
Node22	37	N	0.97321	yes
Node22	38	E	0.99873	yes
Node22	39	V	0.99992	yes
Node22	40	V	0.93280	yes
Node22	41	I	0.99537	yes
Node22	42	K	0.99951	yes
Node22	43	A	0.99877	yes
Node22	44	R	0.99548	yes
Node22	45	G	1.00000	yes
Node22	46	S	0.22328	NO
Node22	47	R	0.99216	yes
Node22	48	N	0.87573	yes
Node22	49	I	0.99924	yes
Node22	50	S	0.99778	yes
Node22	51	R	0.98189	yes
Node22	52	A	0.99999	yes
Node22	53	V	0.99993	yes
Node22	54	D	0.99958	yes
Node22	55	V	0.91992	yes
Node22	56	A	0.99943	yes
Node22	57	E	0.99658	yes
Node22	58	R	0.30400	NO
Node22	59	V	0.98882	yes
Node22	60	R	0.99883	yes
Node22	61	N	0.93662	yes
Node22	62	R	0.99959	yes
Node22	63	F	0.99602	yes
Node22	64	L	0.98363	yes
Node22	65	P	0.63761	NO
Node22	66	G	0.99994	yes
Node22	67	D	0.18237	NO
Node22	68	K	0.11582	NO
Node22	69	Y	0.15360	NO
Node22	70	Q	0.96358	yes
Node22	71	V	0.99258	yes
Node22	72	D	0.97537	yes
Node22	73	V	0.77822	yes
Node22	74	K	0.59972	NO
Node22	75	D	0.99296	yes
Node22	76	I	0.98209	yes
Node22	77	K	0.99055	yes
Node22	78	I	0.99692	yes
Node22	79	G	0.67708	NO
Node22	80	S	0.99785	yes
Node23	1	N	0.98858	yes
Node23	2	V	0.74741	yes
Node23	3	V	0.83998	yes
Node23	4	V	0.73157	yes
Node23	5	V	0.54311	NO
Node23	6	G	0.98312	yes
Node23	7	S	0.14647	NO
Node23	8	K	0.48890	NO
Node23	9	K	0.94489	yes
Node23	10	K	0.99959	yes
Node23	11	P	0.99992	yes
Node23	12	V	0.98303	yes
Node23	13	T	0.96980	yes
Node23	14	D	0.96489	yes
Node23	15	Y	0.99409	yes
Node23	16	V	0.99969	yes
Node23	17	L	0.98637	yes
Node23	18	A	0.92194	yes
Node23	19	A	0.54564	NO
Node23	20	I	0.81226	yes
Node23	21	L	0.52712	NO
Node23	22	L	0.88553	yes
Node23	23	F	0.99935	yes
Node23	24	S	0.12016	NO
Node23	25	K	0.10663	NO
Node23	26	F	0.24505	NO
Node23	27	S	0.17682	NO
Node23	28	L	0.17308	NO
Node23	29	S	0.10733	NO
Node23	30	N	0.99948	yes
Node23	31	Q	0.71532	yes
Node23	32	G	0.99997	yes
Node23	33	L	0.13877	NO
Node23	34	D	0.12483	NO
Node23	35	L	0.25951	NO
Node23	36	Y	0.25776	NO
Node23	37	D	0.91904	yes
Node23	38	E	0.99683	yes
Node23	39	V	0.99970	yes
Node23	40	I	0.60086	NO
Node23	41	I	0.97254	yes
Node23	42	K	0.99631	yes
Node23	43	G	0.99723	yes
Node23	44	R	0.51869	NO
Node23	45	G	1.00000	yes
Node23	46	S	0.19724	NO
Node23	47	R	0.79643	yes
Node23	48	N	0.92970	yes
Node23	49	I	0.87024	yes
Node23	50	S	0.99061	yes
Node23	51	K	0.95528	yes
Node23	52	A	0.99996	yes
Node23	53	V	0.99970	yes
Node23	54	D	0.99673	yes
Node23	55	V	0.99615	yes
Node23	56	Y	0.99138	yes
Node23	57	N	0.99514	yes
Node23	58	A	0.55092	NO
Node23	59	L	0.97302	yes
Node23	60	R	0.71128	yes
Node23	61	N	0.86224	yes
Node23	62	R	0.99807	yes
Node23	63	L	0.95585	yes
Node23	64	Q	0.64628	NO
Node23	65	D	0.88225	yes
Node23	66	G	0.99906	yes
Node23	67	D	0.15706	NO
Node23	68	K	0.11133	NO
Node23	69	Y	0.13588	NO
Node23	70	Q	0.35378	NO
Node23	71	V	0.50942	NO
Node23	72	E	0.83928	yes
Node23	73	L	0.82750	yes
Node23	74	V	0.97558	yes
Node23	75	D	0.87704	yes
Node23	76	V	0.94548	yes
Node23	77	K	0.85757	yes
Node23	78	I	0.98788	yes
Node23	79	G	0.65194	NO
Node23	80	S	0.99860	yes
Node24	1	N	0.96287	yes
Node24	2	V	0.70923	yes
Node24	3	I	0.77620	yes
Node24	4	V	0.76079	yes
Node24	5	V	0.85241	yes
Node24	6	R	0.82920	yes
Node24	7	S	0.14233	NO
Node24	8	K	0.60136	NO
Node24	9	T	0.33704	NO
Node24	10	K	0.99946	yes
Node24	11	P	0.99754	yes
Node24	12	V	0.97843	yes
Node24	13	T	0.62098	NO
Node24	14	D	0.95020	yes
Node24	15	Y	0.94005	yes
Node24	16	V	0.99957	yes
Node24	17	L	0.99328	yes
Node24	18	D	0.51982	NO
Node24	19	A	0.51189	NO
Node24	20	I	0.80413	yes
Node24	21	V	0.76772	yes
Node24	22	L	0.84407	yes
Node24	23	F	0.99913	yes
Node24	24	S	0.11834	NO
Node24	25	K	0.10539	NO
Node24	26	F	0.23582	NO
Node24	27	S	0.17137	NO
Node24	28	L	0.17015	NO
Node24	29	S	0.10501	NO
Node24	30	N	0.99939	yes
Node24	31	Q	0.82959	yes
Node24	32	G	0.99996	yes
Node24	33	L	0.13739	NO
Node24	34	D	0.12104	NO
Node24	35	L	0.25281	NO
Node24	36	V	0.23001	NO
Node24	37	D	0.87907	yes
Node24	38	E	0.99548	yes
Node24	39	V	0.99960	yes
Node24	40	I	0.40325	NO
Node24	41	I	0.84879	yes
Node24	42	K	0.98521	yes
Node24	43	G	0.99993	yes
Node24	44	R	0.52885	NO
Node24	45	G	0.99999	yes
Node24	46	S	0.18866	NO
Node24	47	R	0.93069	yes
Node24	48	N	0.62239	NO
Node24	49	I	0.98086	yes
Node24	50	S	0.98156	yes
Node24	51	K	0.98545	yes
Node24	52	A	0.99995	yes
Node24	53	V	0.99958	yes
Node24	54	D	0.97761	yes
Node24	55	V	0.99629	yes
Node24	56	Y	0.98597	yes
Node24	57	N	0.99958	yes
Node24	58	S	0.35141	NO
Node24	59	L	0.99366	yes
Node24	60	R	0.66212	NO
Node24	61	D	0.78609	yes
Node24	62	R	0.99725	yes
Node24	63	L	0.98158	yes
Node24	64	Q	0.28133	NO
Node24	65	D	0.86532	yes
Node24	66	G	0.98740	yes
Node24	67	D	0.14875	NO
Node24	68	K	0.10973	NO
Node24	69	Y	0.12968	NO
Node24	70	Q	0.25179	NO
Node24	71	V	0.63168	NO
Node24	72	Q	0.52538	NO
Node24	73	L	0.82419	yes
Node24	74	V	0.98591	yes
Node24	75	N	0.61057	NO
Node24	76	V	0.98039	yes
Node24	77	Q	0.40400	NO
Node24	78	I	0.97522	yes
Node24	79	G	0.96144	yes
Node24	80	S	0.99819	yes
Node25	1	N	0.99949	yes
Node25	2	E	0.98607	yes
Node25	3	I	0.98988	yes
Node25	4	V	0.91485	yes
Node25	5	V	0.93694	yes
Node25	6	R	0.85564	yes
Node25	7	S	0.13812	NO
Node25	8	K	0.78592	yes
Node25	9	T	0.92200	yes
Node25	10	K	0.99996	yes
Node25	11	P	0.88458	yes
Node25	12	V	0.97704	yes
Node25	13	E	0.99848	yes
Node25	14	D	0.99299	yes
Node25	15	H	0.64248	NO
Node25	16	V	0.99997	yes
Node25	17	L	0.99953	yes
Node25	18	D	0.99745	yes
Node25	19	V	0.99102	yes
Node25	20	I	0.98512	yes
Node25	21	V	0.97332	yes
Node25	22	L	0.91870	yes
Node25	23	F	0.99994	yes
Node25	24	S	0.11646	NO
Node25	25	K	0.10407	NO
Node25	26	F	0.22606	NO
Node25	27	S	0.16573	NO
Node25	28	L	0.16704	NO
Node25	29	S	0.10265	NO
Node25	30	N	0.99997	yes
Node25	31	Q	0.99777	yes
Node25	32	G	1.00000	yes
Node25	33	L	0.13592	NO
Node25	34	D	0.11707	NO
Node25	35	L	0.24572	NO
Node25	36	I	0.70045	yes
Node25	37	D	0.95733	yes
Node25	38	E	0.99727	yes
Node25	39	V	0.99998	yes
Node25	40	I	0.47479	NO
Node25	41	L	0.96938	yes
Node25	42	K	0.99842	yes
Node25	43	G	1.00000	yes
Node25	44	T	0.86779	yes
Node25	45	G	1.00000	yes
Node25	46	S	0.18003	NO
Node25	47	R	0.98434	yes
Node25	48	E	0.99349	yes
Node25	49	I	0.99980	yes
Node25	50	S	0.96004	yes
Node25	51	K	0.99489	yes
Node25	52	A	0.99997	yes
Node25	53	V	0.99991	yes
Node25	54	D	0.99096	yes
Node25	55	V	0.99970	yes
Node25	56	Y	0.99997	yes
Node25	57	N	0.99999	yes
Node25	58	S	0.62701	NO
Node25	59	L	0.99977	yes
Node25	60	K	0.99005	yes
Node25	61	D	0.98911	yes
Node25	62	R	0.99871	yes
Node25	63	L	0.99856	yes
Node25	64	G	0.99484	yes
Node25	65	D	0.98762	yes
Node25	66	G	0.99994	yes
Node25	67	D	0.14040	NO
Node25	68	K	0.10804	NO
Node25	69	Y	0.12325	NO
Node25	70	Q	0.18025	NO
Node25	71	V	0.95487	yes
Node25	72	Q	0.86897	yes
Node25	73	L	0.99523	yes
Node25	74	V	0.99819	yes
Node25	75	N	0.87890	yes
Node25	76	V	0.99902	yes
Node25	77	Q	0.71274	yes
Node25	78	I	0.94309	yes
Node25	79	G	0.99976	yes
Node25	80	S	0.99988	yes
Node26	1	N	0.99930	yes
Node26	2	E	0.97812	yes
Node26	3	I	0.98640	yes
Node26	4	V	0.83999	yes
Node26	5	V	0.88456	yes
Node26	6	S	0.75432	yes
Node26	7	S	0.13694	NO
Node26	8	K	0.59362	NO
Node26	9	T	0.89293	yes
Node26	10	K	0.99987	yes
Node26	11	P	0.88542	yes
Node26	12	V	0.88926	yes
Node26	13	E	0.99957	yes
Node26	14	D	0.98046	yes
Node26	15	H	0.62313	NO
Node26	16	V	0.99990	yes
Node26	17	L	0.99886	yes
Node26	18	D	0.99898	yes
Node26	19	V	0.96572	yes
Node26	20	I	0.98164	yes
Node26	21	V	0.95030	yes
Node26	22	L	0.81929	yes
Node26	23	F	0.99979	yes
Node26	24	S	0.11593	NO
Node26	25	K	0.10369	NO
Node26	26	F	0.22325	NO
Node26	27	S	0.16412	NO
Node26	28	L	0.16613	NO
Node26	29	S	0.10202	NO
Node26	30	N	0.99987	yes
Node26	31	Q	0.99813	yes
Node26	32	G	0.99999	yes
Node26	33	L	0.13549	NO
Node26	34	D	0.11594	NO
Node26	35	L	0.24368	NO
Node26	36	I	0.61829	NO
Node26	37	D	0.88602	yes
Node26	38	E	0.98245	yes
Node26	39	V	0.99990	yes
Node26	40	E	0.87426	yes
Node26	41	L	0.97322	yes
Node26	42	K	0.99393	yes
Node26	43	G	1.00000	yes
Node26	44	T	0.75869	yes
Node26	45	G	1.00000	yes
Node26	46	S	0.17763	NO
Node26	47	R	0.94487	yes
Node26	48	E	0.99549	yes
Node26	49	I	0.99982	yes
Node26	50	S	0.58554	NO
Node26	51	K	0.98075	yes
Node26	52	A	0.99805	yes
Node26	53	V	0.99889	yes
Node26	54	D	0.95316	yes
Node26	55	V	0.99913	yes
Node26	56	Y	0.99999	yes
Node26	57	N	0.99998	yes
Node26	58	S	0.43242	NO
Node26	59	L	0.99947	yes
Node26	60	K	0.99497	yes
Node26	61	D	0.97830	yes
Node26	62	R	0.98786	yes
Node26	63	L	0.99694	yes
Node26	64	G	0.99680	yes
Node26	65	D	0.97783	yes
Node26	66	G	0.99992	yes
Node26	67	D	0.13809	NO
Node26	68	K	0.10756	NO
Node26	69	Y	0.12142	NO
Node26	70	Q	0.16471	NO
Node26	71	V	0.94399	yes
Node26	72	Q	0.41782	NO
Node26	73	L	0.99541	yes
Node26	74	V	0.98790	yes
Node26	75	N	0.77520	yes
Node26	76	V	0.99696	yes
Node26	77	Q	0.42625	NO
Node26	78	I	0.97517	yes
Node26	79	G	0.99968	yes
Node26	80	S	0.99957	yes
Node27	1	N	0.99929	yes
Node27	2	E	0.99715	yes
Node27	3	I	0.99707	yes
Node27	4	V	0.58630	NO
Node27	5	I	0.92193	yes
Node27	6	S	0.81801	yes
Node27	7	S	0.13373	NO
Node27	8	R	0.52838	NO
Node27	9	T	0.88629	yes
Node27	10	K	0.99983	yes
Node27	11	R	0.98440	yes
Node27	12	V	0.84760	yes
Node27	13	E	0.99976	yes
Node27	14	D	0.99733	yes
Node27	15	Y	0.97294	yes
Node27	16	V	0.99987	yes
Node27	17	L	0.99869	yes
Node27	18	D	0.99946	yes
Node27	19	V	0.96572	yes
Node27	20	I	0.98543	yes
Node27	21	V	0.88868	yes
Node27	22	L	0.66260	NO
Node27	23	F	0.99974	yes
Node27	24	S	0.11446	NO
Node27	25	K	0.10264	NO
Node27	26	F	0.21542	NO
Node27	27	S	0.15972	NO
Node27	28	L	0.16361	NO
Node27	29	S	0.10041	NO
Node27	30	N	0.99983	yes
Node27	31	Q	0.99865	yes
Node27	32	G	0.99999	yes
Node27	33	L	0.13430	NO
Node27	34	D	0.11281	NO
Node27	35	L	0.23798	NO
Node27	36	Y	0.92820	yes
Node27	37	D	0.84724	yes
Node27	38	E	0.99721	yes
Node27	39	V	0.99987	yes
Node27	40	E	0.98774	yes
Node27	41	L	0.94501	yes
Node27	42	K	0.94201	yes
Node27	43	G	1.00000	yes
Node27	44	T	0.58725	NO
Node27	45	G	1.00000	yes
Node27	46	S	0.17113	NO
Node27	47	Q	0.29190	NO
Node27	48	E	0.97590	yes
Node27	49	I	0.99983	yes
Node27	50	N	0.58475	NO
Node27	51	K	0.99758	yes
Node27	52	A	0.99996	yes
Node27	53	V	0.97295	yes
Node27	54	E	0.93479	yes
Node27	55	V	0.99898	yes
Node27	56	Y	0.99999	yes
Node27	57	N	0.99997	yes
Node27	58	Q	0.98266	yes
Node27	59	L	0.99938	yes
Node27	60	K	0.99222	yes
Node27	61	D	0.99748	yes
Node27	62	R	0.99844	yes
Node27	63	L	0.99668	yes
Node27	64	G	0.97936	yes
Node27	65	D	0.90536	yes
Node27	66	G	0.99990	yes
Node27	67	D	0.13182	NO
Node27	68	K	0.10623	NO
Node27	69	Y	0.11638	NO
Node27	70	Q	0.13026	NO
Node27	71	V	0.79303	yes
Node27	72	I	0.28632	NO
Node27	73	L	0.99651	yes
Node27	74	E	0.99158	yes
Node27	75	K	0.92134	yes
Node27	76	V	0.94856	yes
Node27	77	D	0.88980	yes
Node27	78	I	0.99382	yes
Node27	79	G	0.99963	yes
Node27	80	S	0.99947	yes
Node28	1	Q	0.52587	NO
Node28	2	T	0.99838	yes
Node28	3	I	0.95980	yes
Node28	4	L	0.96015	yes
Node28	5	V	0.99795	yes
Node28	6	G	0.99996	yes
Node28	7	S	0.15210	NO
Node28	8	K	0.24724	NO
Node28	9	K	0.99842	yes
Node28	10	K	0.99987	yes
Node28	11	P	0.99999	yes
Node28	12	T	0.98995	yes
Node28	13	T	0.99954	yes
Node28	14	N	0.99939	yes
Node28	15	Y	0.99966	yes
Node28	16	V	0.99990	yes
Node28	17	I	0.96430	yes
Node28	18	A	0.99949	yes
Node28	19	T	0.99099	yes
Node28	20	V	0.98790	yes
Node28	21	M	0.99960	yes
Node28	22	Q	0.94263	yes
Node28	23	F	0.99980	yes
Node28	24	S	0.12260	NO
Node28	25	K	0.10826	NO
Node28	26	F	0.25705	NO
Node28	27	S	0.18407	NO
Node28	28	L	0.17685	NO
Node28	29	S	0.10985	NO
Node28	30	N	0.99986	yes
Node28	31	Q	0.94860	yes
Node28	32	G	0.99999	yes
Node28	33	L	0.14053	NO
Node28	34	D	0.12982	NO
Node28	35	L	0.26822	NO
Node28	36	A	0.56738	NO
Node28	37	K	0.96675	yes
Node28	38	K	0.76648	yes
Node28	39	V	0.99990	yes
Node28	40	V	0.69997	NO
Node28	41	L	0.97876	yes
Node28	42	K	0.99936	yes
Node28	43	A	0.99999	yes
Node28	44	R	0.99844	yes
Node28	45	G	1.00000	yes
Node28	46	S	0.20905	NO
Node28	47	S	0.54613	NO
Node28	48	A	0.99953	yes
Node28	49	I	0.99987	yes
Node28	50	S	0.86064	yes
Node28	51	R	0.91342	yes
Node28	52	A	0.99999	yes
Node28	53	V	0.99990	yes
Node28	54	S	0.65213	NO
Node28	55	T	0.80589	yes
Node28	56	A	0.99998	yes
Node28	57	T	0.61216	NO
Node28	58	M	0.99171	yes
Node28	59	V	0.99726	yes
Node28	60	R	0.99988	yes
Node28	61	D	0.98087	yes
Node28	62	R	0.99943	yes
Node28	63	F	0.99873	yes
Node28	64	L	0.99361	yes
Node28	65	P	0.92573	yes
Node28	66	G	0.99992	yes
Node28	67	D	0.16853	NO
Node28	68	K	0.11343	NO
Node28	69	Y	0.14411	NO
Node28	70	Q	0.86985	yes
Node28	71	V	0.99835	yes
Node28	72	D	0.90277	yes
Node28	73	I	0.93484	yes
Node28	74	K	0.87179	yes
Node28	75	D	0.81688	yes
Node28	76	I	0.85675	yes
Node28	77	K	0.99312	yes
Node28	78	L	0.97783	yes
Node28	79	L	0.96230	yes
Node28	80	S	0.99944	yes
Node29	1	N	0.99957	yes
Node29	2	T	0.99833	yes
Node29	3	V	0.99897	yes
Node29	4	F	0.96913	yes
Node29	5	V	0.97926	yes
Node29	6	G	0.99997	yes
Node29	7	S	0.15869	NO
Node29	8	K	0.25736	NO
Node29	9	N	0.98193	yes
Node29	10	K	0.99990	yes
Node29	11	P	0.99999	yes
Node29	12	V	0.98038	yes
Node29	13	M	0.99996	yes
Node29	14	N	0.98870	yes
Node29	15	Y	0.99973	yes
Node29	16	V	0.99992	yes
Node29	17	L	0.99878	yes
Node29	18	A	0.99960	yes
Node29	19	V	0.99842	yes
Node29	20	V	0.98485	yes
Node29	21	T	0.99955	yes
Node29	22	Q	0.99912	yes
Node29	23	F	0.99984	yes
Node29	24	S	0.12540	NO
Node29	25	K	0.11009	NO
Node29	26	F	0.27044	NO
Node29	27	S	0.19237	NO
Node29	28	L	0.18100	NO
Node29	29	N	0.12219	NO
Node29	30	N	0.99989	yes
Node29	31	N	0.93493	yes
Node29	32	G	0.99999	yes
Node29	33	L	0.14245	NO
Node29	34	D	0.13548	NO
Node29	35	L	0.27794	NO
Node29	36	A	0.96876	yes
Node29	37	G	0.46884	NO
Node29	38	E	0.99928	yes
Node29	39	V	0.99992	yes
Node29	40	S	0.38553	NO
Node29	41	I	0.99825	yes
Node29	42	K	0.99949	yes
Node29	43	A	0.99999	yes
Node29	44	R	0.99877	yes
Node29	45	G	1.00000	yes
Node29	46	S	0.22314	NO
Node29	47	K	0.82218	yes
Node29	48	A	0.99986	yes
Node29	49	I	0.99990	yes
Node29	50	S	0.96530	yes
Node29	51	R	0.99977	yes
Node29	52	A	0.99999	yes
Node29	53	V	0.99992	yes
Node29	54	D	0.99977	yes
Node29	55	T	0.99472	yes
Node29	56	A	0.99999	yes
Node29	57	E	0.99997	yes
Node29	58	I	0.95532	yes
Node29	59	A	0.90723	yes
Node29	60	R	0.36724	NO
Node29	61	N	0.99049	yes
Node29	62	R	0.99134	yes
Node29	63	F	0.99900	yes
Node29	64	L	0.99411	yes
Node29	65	P	0.34154	NO
Node29	66	G	0.99958	yes
Node29	67	D	0.18223	NO
Node29	68	K	0.11580	NO
Node29	69	Y	0.15351	NO
Node29	70	Q	0.58105	NO
Node29	71	V	0.77981	yes
Node29	72	S	0.65153	NO
Node29	73	K	0.96856	yes
Node29	74	K	0.99967	yes
Node29	75	D	0.65351	NO
Node29	76	I	0.99882	yes
Node29	77	K	0.28293	NO
Node29	78	I	0.92046	yes
Node29	79	S	0.84802	yes
Node29	80	T	0.99802	yes
Node30	1	N	0.99997	yes
Node30	2	T	0.96426	yes
Node30	3	V	0.99997	yes
Node30	4	F	0.99683	yes
Node30	5	V	0.99999	yes
Node30	6	G	1.00000	yes
Node30	7	S	0.16430	NO
Node30	8	K	0.27951	NO
Node30	9	N	0.99998	yes
Node30	10	K	1.00000	yes
Node30	11	P	1.00000	yes
Node30	12	V	0.99998	yes
Node30	13	M	1.00000	yes
Node30	14	N	1.00000	yes
Node30	15	Y	1.00000	yes
Node30	16	V	1.00000	yes
Node30	17	L	0.99992	yes
Node30	18	A	1.00000	yes
Node30	19	V	0.99950	yes
Node30	20	V	0.95591	yes
Node30	21	T	1.00000	yes
Node30	22	Q	1.00000	yes
Node30	23	F	1.00000	yes
Node30	24	S	0.12775	NO
Node30	25	K	0.11158	NO
Node30	26	F	0.28137	NO
Node30	27	S	0.19930	NO
Node30	28	L	0.18436	NO
Node30	29	N	0.14325	NO
Node30	30	N	1.00000	yes
Node30	31	Q	0.91025	yes
Node30	32	G	1.00000	yes
Node30	33	L	0.14398	NO
Node30	34	D	0.14017	NO
Node30	35	L	0.28587	NO
Node30	36	A	0.99994	yes
Node30	37	N	0.97888	yes
Node30	38	E	0.99996	yes
Node30	39	V	1.00000	yes
Node30	40	T	0.62933	NO
Node30	41	I	0.99999	yes
Node30	42	K	1.00000	yes
Node30	43	A	1.00000	yes
Node30	44	R	1.00000	yes
Node30	45	G	1.00000	yes
Node30	46	S	0.23543	NO
Node30	47	R	0.99993	yes
Node30	48	A	1.00000	yes
Node30	49	I	1.00000	yes
Node30	50	S	0.99999	yes
Node30	51	R	1.00000	yes
Node30	52	A	1.00000	yes
Node30	53	V	1.00000	yes
Node30	54	D	1.00000	yes
Node30	55	V	0.99978	yes
Node30	56	A	1.00000	yes
Node30	57	E	1.00000	yes
Node30	58	I	0.99962	yes
Node30	59	V	0.99998	yes
Node30	60	R	1.00000	yes
Node30	61	N	0.99349	yes
Node30	62	R	1.00000	yes
Node30	63	F	1.00000	yes
Node30	64	L	0.98580	yes
Node30	65	P	0.99987	yes
Node30	66	D	0.99636	yes
Node30	67	D	0.19418	NO
Node30	68	K	0.11774	NO
Node30	69	Y	0.16136	NO
Node30	70	Q	0.72066	yes
Node30	71	V	0.99996	yes
Node30	72	D	0.98410	yes
Node30	73	V	0.95403	yes
Node30	74	K	0.99991	yes
Node30	75	D	0.99622	yes
Node30	76	I	1.00000	yes
Node30	77	K	0.99943	yes
Node30	78	I	0.99998	yes
Node30	79	G	0.98658	yes
Node30	80	T	0.98416	yes
Node31	1	G	0.90783	yes
Node31	2	T	0.89569	yes
Node31	3	V	0.99759	yes
Node31	4	F	0.95114	yes
Node31	5	V	0.99940	yes
Node31	6	G	0.99999	yes
Node31	7	S	0.16062	NO
Node31	8	K	0.25759	NO
Node31	9	N	0.99941	yes
Node31	10	K	0.99995	yes
Node31	11	P	0.99084	yes
Node31	12	V	0.99687	yes
Node31	13	M	0.99995	yes
Node31	14	N	0.98489	yes
Node31	15	Y	0.99988	yes
Node31	16	V	0.99996	yes
Node31	17	L	0.99809	yes
Node31	18	A	0.99972	yes
Node31	19	A	0.93169	yes
Node31	20	V	0.97345	yes
Node31	21	T	0.96515	yes
Node31	22	Q	0.99959	yes
Node31	23	F	0.99983	yes
Node31	24	S	0.12621	NO
Node31	25	K	0.11060	NO
Node31	26	F	0.27424	NO
Node31	27	S	0.19476	NO
Node31	28	L	0.18218	NO
Node31	29	N	0.12355	NO
Node31	30	N	0.99609	yes
Node31	31	Q	0.91985	yes
Node31	32	G	0.99998	yes
Node31	33	L	0.14299	NO
Node31	34	D	0.13710	NO
Node31	35	L	0.28069	NO
Node31	36	A	0.97621	yes
Node31	37	K	0.83955	yes
Node31	38	K	0.85459	yes
Node31	39	V	0.99997	yes
Node31	40	T	0.50861	NO
Node31	41	I	0.99663	yes
Node31	42	K	0.99969	yes
Node31	43	A	1.00000	yes
Node31	44	R	0.99932	yes
Node31	45	G	1.00000	yes
Node31	46	S	0.22733	NO
Node31	47	R	0.99870	yes
Node31	48	A	0.99962	yes
Node31	49	I	0.99995	yes
Node31	50	S	0.99830	yes
Node31	51	R	0.99988	yes
Node31	52	A	1.00000	yes
Node31	53	V	0.99997	yes
Node31	54	D	0.99990	yes
Node31	55	V	0.99944	yes
Node31	56	A	0.99999	yes
Node31	57	E	0.99992	yes
Node31	58	I	0.98667	yes
Node31	59	V	0.99653	yes
Node31	60	R	0.99990	yes
Node31	61	N	0.52160	NO
Node31	62	R	0.99877	yes
Node31	63	F	0.98915	yes
Node31	64	L	0.95735	yes
Node31	65	P	0.34995	NO
Node31	66	D	0.98113	yes
Node31	67	D	0.18631	NO
Node31	68	K	0.11647	NO
Node31	69	Y	0.15622	NO
Node31	70	E	0.61189	NO
Node31	71	V	0.99868	yes
Node31	72	D	0.99674	yes
Node31	73	V	0.95581	yes
Node31	74	S	0.61380	NO
Node31	75	D	0.63684	NO
Node31	76	I	0.99892	yes
Node31	77	K	0.99378	yes
Node31	78	I	0.99882	yes
Node31	79	G	0.99930	yes
Node31	80	S	0.94357	yes
Node32	1	G	0.91252	yes
Node32	2	T	0.96303	yes
Node32	3	V	0.96187	yes
Node32	4	F	0.96306	yes
Node32	5	V	0.99302	yes
Node32	6	G	0.99992	yes
Node32	7	S	0.15662	NO
Node32	8	K	0.23575	NO
Node32	9	N	0.98402	yes
Node32	10	K	0.99969	yes
Node32	11	P	0.99750	yes
Node32	12	V	0.96469	yes
Node32	13	M	0.99082	yes
Node32	14	S	0.57104	NO
Node32	15	Y	0.99920	yes
Node32	16	V	0.99973	yes
Node32	17	L	0.97336	yes
Node32	18	A	0.99547	yes
Node32	19	A	0.93728	yes
Node32	20	V	0.91183	yes
Node32	21	T	0.97647	yes
Node32	22	Q	0.99627	yes
Node32	23	F	0.98979	yes
Node32	24	S	0.12452	NO
Node32	25	K	0.10952	NO
Node32	26	F	0.26630	NO
Node32	27	S	0.18978	NO
Node32	28	L	0.17973	NO
Node32	29	S	0.10993	NO
Node32	30	N	0.66095	NO
Node32	31	S	0.58029	NO
Node32	32	G	0.99710	yes
Node32	33	L	0.14186	NO
Node32	34	D	0.13372	NO
Node32	35	L	0.27494	NO
Node32	36	A	0.67083	NO
Node32	37	K	0.83734	yes
Node32	38	R	0.70964	yes
Node32	39	V	0.99977	yes
Node32	40	T	0.54690	NO
Node32	41	I	0.92667	yes
Node32	42	K	0.99760	yes
Node32	43	A	0.99997	yes
Node32	44	R	0.99530	yes
Node32	45	G	1.00000	yes
Node32	46	S	0.21868	NO
Node32	47	R	0.99025	yes
Node32	48	A	0.98474	yes
Node32	49	I	0.99969	yes
Node32	50	S	0.97963	yes
Node32	51	R	0.99811	yes
Node32	52	A	0.99997	yes
Node32	53	V	0.99976	yes
Node32	54	D	0.99919	yes
Node32	55	V	0.98274	yes
Node32	56	A	0.99951	yes
Node32	57	E	0.99448	yes
Node32	58	I	0.80400	yes
Node32	59	V	0.95983	yes
Node32	60	R	0.99600	yes
Node32	61	R	0.78902	yes
Node32	62	R	0.95367	yes
Node32	63	L	0.54312	NO
Node32	64	G	0.31549	NO
Node32	65	G	0.32977	NO
Node32	66	D	0.33120	NO
Node32	67	D	0.17789	NO
Node32	68	K	0.11506	NO
Node32	69	Y	0.15058	NO
Node32	70	E	0.42795	NO
Node32	71	V	0.98274	yes
Node32	72	D	0.97885	yes
Node32	73	V	0.77446	yes
Node32	74	G	0.75974	yes
Node32	75	D	0.53683	NO
Node32	76	I	0.98877	yes
Node32	77	K	0.95863	yes
Node32	78	I	0.99339	yes
Node32	79	G	0.99722	yes
Node32	80	S	0.98566	yes
Node33	1	G	0.96935	yes
Node33	2	T	0.99171	yes
Node33	3	V	0.98477	yes
Node33	4	F	0.98875	yes
Node33	5	V	0.99831	yes
Node33	6	G	0.99995	yes
Node33	7	S	0.15123	NO
Node33	8	K	0.20923	NO
Node33	9	N	0.99162	yes
Node33	10	K	0.99982	yes
Node33	11	P	0.99996	yes
Node33	12	V	0.99285	yes
Node33	13	S	0.97027	yes
Node33	14	S	0.94587	yes
Node33	15	Y	0.99955	yes
Node33	16	V	0.99918	yes
Node33	17	L	0.99660	yes
Node33	18	A	0.99692	yes
Node33	19	A	0.97574	yes
Node33	20	V	0.96480	yes
Node33	21	T	0.99808	yes
Node33	22	Q	0.99566	yes
Node33	23	F	0.99397	yes
Node33	24	S	0.12223	NO
Node33	25	K	0.10802	NO
Node33	26	F	0.25524	NO
Node33	27	S	0.18296	NO
Node33	28	L	0.17628	NO
Node33	29	S	0.10813	NO
Node33	30	T	0.72283	yes
Node33	31	S	0.86155	yes
Node33	32	G	0.99995	yes
Node33	33	L	0.14026	NO
Node33	34	D	0.12906	NO
Node33	35	L	0.26691	NO
Node33	36	S	0.81770	yes
Node33	37	K	0.93988	yes
Node33	38	R	0.97888	yes
Node33	39	V	0.99986	yes
Node33	40	V	0.89873	yes
Node33	41	L	0.59246	NO
Node33	42	K	0.99450	yes
Node33	43	A	0.99998	yes
Node33	44	R	0.99469	yes
Node33	45	G	1.00000	yes
Node33	46	S	0.20722	NO
Node33	47	R	0.99573	yes
Node33	48	A	0.99144	yes
Node33	49	I	0.99982	yes
Node33	50	S	0.99535	yes
Node33	51	R	0.99688	yes
Node33	52	A	0.99998	yes
Node33	53	V	0.99986	yes
Node33	54	D	0.99795	yes
Node33	55	V	0.65809	NO
Node33	56	A	0.99913	yes
Node33	57	E	0.99982	yes
Node33	58	L	0.80544	yes
Node33	59	V	0.99234	yes
Node33	60	R	0.99969	yes
Node33	61	R	0.98761	yes
Node33	62	F	0.81051	yes
Node33	63	L	0.91329	yes
Node33	64	G	0.96475	yes
Node33	65	G	0.86016	yes
Node33	66	K	0.96832	yes
Node33	67	D	0.16675	NO
Node33	68	K	0.11311	NO
Node33	69	Y	0.14286	NO
Node33	70	E	0.34321	NO
Node33	71	V	0.98970	yes
Node33	72	D	0.98977	yes
Node33	73	Y	0.96702	yes
Node33	74	G	0.99629	yes
Node33	75	N	0.88295	yes
Node33	76	I	0.99719	yes
Node33	77	K	0.97853	yes
Node33	78	I	0.99658	yes
Node33	79	G	0.99619	yes
Node33	80	S	0.99845	yes
Node34	1	D	0.96153	yes
Node34	2	T	0.98544	yes
Node34	3	I	0.90821	yes
Node34	4	F	0.66479	NO
Node34	5	V	0.82490	yes
Node34	6	G	0.99972	yes
Node34	7	S	0.14413	NO
Node34	8	K	0.17882	NO
Node34	9	K	0.37347	NO
Node34	10	K	0.99907	yes
Node34	11	P	0.97009	yes
Node34	12	I	0.64537	NO
Node34	13	M	0.99946	yes
Node34	14	T	0.42772	NO
Node34	15	Y	0.99762	yes
Node34	16	V	0.99923	yes
Node34	17	M	0.70017	yes
Node34	18	A	0.85501	yes
Node34	19	T	0.95913	yes
Node34	20	L	0.91519	yes
Node34	21	T	0.89589	yes
Node34	22	Q	0.98836	yes
Node34	23	L	0.95811	yes
Node34	24	S	0.11914	NO
Node34	25	K	0.10593	NO
Node34	26	F	0.23987	NO
Node34	27	S	0.17375	NO
Node34	28	L	0.17144	NO
Node34	29	S	0.10471	NO
Node34	30	N	0.43188	NO
Node34	31	S	0.60820	NO
Node34	32	N	0.97908	yes
Node34	33	L	0.13800	NO
Node34	34	D	0.12269	NO
Node34	35	L	0.25575	NO
Node34	36	L	0.37919	NO
Node34	37	P	0.97860	yes
Node34	38	R	0.82092	yes
Node34	39	V	0.99927	yes
Node34	40	T	0.61277	NO
Node34	41	I	0.98060	yes
Node34	42	K	0.99545	yes
Node34	43	A	0.99989	yes
Node34	44	R	0.98797	yes
Node34	45	G	0.99999	yes
Node34	46	S	0.19237	NO
Node34	47	R	0.89278	yes
Node34	48	S	0.64717	NO
Node34	49	I	0.99906	yes
Node34	50	S	0.49720	NO
Node34	51	R	0.92861	yes
Node34	52	A	0.99990	yes
Node34	53	V	0.99926	yes
Node34	54	D	0.99789	yes
Node34	55	V	0.99392	yes
Node34	56	A	0.94588	yes
Node34	57	Q	0.98746	yes
Node34	58	I	0.71736	yes
Node34	59	I	0.88926	yes
Node34	60	A	0.56855	NO
Node34	61	R	0.71624	yes
Node34	62	R	0.83281	yes
Node34	63	M	0.62114	NO
Node34	64	S	0.35629	NO
Node34	65	S	0.41875	NO
Node34	66	A	0.63113	NO
Node34	67	D	0.15234	NO
Node34	68	K	0.11043	NO
Node34	69	Y	0.13239	NO
Node34	70	G	0.96377	yes
Node34	71	Y	0.98372	yes
Node34	72	S	0.90745	yes
Node34	73	V	0.60067	NO
Node34	74	G	0.75479	yes
Node34	75	E	0.85643	yes
Node34	76	I	0.76437	yes
Node34	77	K	0.63278	NO
Node34	78	I	0.98301	yes
Node34	79	G	0.89170	yes
Node34	80	S	0.99604	yes
Node35	1	N	0.99996	yes
Node35	2	V	0.99432	yes
Node35	3	V	0.97470	yes
Node35	4	F	0.84864	yes
Node35	5	V	0.98474	yes
Node35	6	G	1.00000	yes
Node35	7	S	0.16475	NO
Node35	8	K	0.26266	NO
Node35	9	N	0.99961	yes
Node35	10	K	0.99999	yes
Node35	11	P	1.00000	yes
Node35	12	V	0.99968	yes
Node35	13	M	1.00000	yes
Node35	14	N	0.99995	yes
Node35	15	Y	0.99997	yes
Node35	16	V	0.99999	yes
Node35	17	L	0.99983	yes
Node35	18	A	0.99996	yes
Node35	19	V	0.99431	yes
Node35	20	V	0.95279	yes
Node35	21	T	0.99995	yes
Node35	22	Q	0.99991	yes
Node35	23	F	0.99913	yes
Node35	24	S	0.12794	NO
Node35	25	K	0.11169	NO
Node35	26	F	0.28224	NO
Node35	27	S	0.19986	NO
Node35	28	L	0.18462	NO
Node35	29	N	0.13001	NO
Node35	30	N	0.99999	yes
Node35	31	E	0.86973	yes
Node35	32	G	0.99995	yes
Node35	33	L	0.14410	NO
Node35	34	D	0.14054	NO
Node35	35	L	0.28650	NO
Node35	36	A	0.99278	yes
Node35	37	N	0.97288	yes
Node35	38	E	0.99990	yes
Node35	39	V	0.99997	yes
Node35	40	T	0.85591	yes
Node35	41	I	0.99947	yes
Node35	42	K	0.99994	yes
Node35	43	A	1.00000	yes
Node35	44	R	0.99985	yes
Node35	45	G	1.00000	yes
Node35	46	S	0.23643	NO
Node35	47	R	0.98438	yes
Node35	48	A	0.99998	yes
Node35	49	I	0.99999	yes
Node35	50	S	0.99972	yes
Node35	51	R	0.99925	yes
Node35	52	A	1.00000	yes
Node35	53	V	0.99999	yes
Node35	54	D	0.99997	yes
Node35	55	V	0.99810	yes
Node35	56	A	1.00000	yes
Node35	57	E	1.00000	yes
Node35	58	I	0.97418	yes
Node35	59	V	0.99771	yes
Node35	60	R	0.99999	yes
Node35	61	N	0.97250	yes
Node35	62	R	0.99989	yes
Node35	63	F	0.99987	yes
Node35	64	L	0.75013	yes
Node35	65	P	0.99817	yes
Node35	66	D	0.99727	yes
Node35	67	D	0.19515	NO
Node35	68	K	0.11789	NO
Node35	69	Y	0.16199	NO
Node35	70	Q	0.59454	NO
Node35	71	V	0.98680	yes
Node35	72	E	0.96352	yes
Node35	73	I	0.57240	NO
Node35	74	E	0.74253	yes
Node35	75	D	0.51026	NO
Node35	76	I	0.99985	yes
Node35	77	K	0.68879	NO
Node35	78	I	0.99968	yes
Node35	79	G	0.95602	yes
Node35	80	T	0.99997	yes
Node36	1	N	0.99989	yes
Node36	2	V	0.98085	yes
Node36	3	V	0.98254	yes
Node36	4	F	0.79456	yes
Node36	5	V	0.54942	NO
Node36	6	G	0.99999	yes
Node36	7	S	0.16207	NO
Node36	8	K	0.24834	NO
Node36	9	N	0.98080	yes
Node36	10	K	0.99997	yes
Node36	11	P	1.00000	yes
Node36	12	V	0.99864	yes
Node36	13	M	0.99999	yes
Node36	14	N	0.99987	yes
Node36	15	Y	0.99992	yes
Node36	16	V	0.99998	yes
Node36	17	L	0.99814	yes
Node36	18	A	0.99990	yes
Node36	19	V	0.99929	yes
Node36	20	V	0.95754	yes
Node36	21	T	0.99987	yes
Node36	22	Q	0.99977	yes
Node36	23	F	0.86916	yes
Node36	24	S	0.12682	NO
Node36	25	K	0.11099	NO
Node36	26	F	0.27707	NO
Node36	27	S	0.19656	NO
Node36	28	L	0.18304	NO
Node36	29	N	0.11801	NO
Node36	30	N	0.99975	yes
Node36	31	G	0.58627	NO
Node36	32	G	0.98976	yes
Node36	33	L	0.14338	NO
Node36	34	D	0.13831	NO
Node36	35	L	0.28275	NO
Node36	36	A	0.86620	yes
Node36	37	N	0.92786	yes
Node36	38	E	0.99923	yes
Node36	39	V	0.99878	yes
Node36	40	I	0.83921	yes
Node36	41	I	0.98876	yes
Node36	42	K	0.99984	yes
Node36	43	A	1.00000	yes
Node36	44	R	0.99958	yes
Node36	45	G	1.00000	yes
Node36	46	S	0.23051	NO
Node36	47	R	0.63005	NO
Node36	48	A	0.99950	yes
Node36	49	I	0.99997	yes
Node36	50	S	0.99743	yes
Node36	51	R	0.96528	yes
Node36	52	A	1.00000	yes
Node36	53	V	0.99998	yes
Node36	54	D	0.99994	yes
Node36	55	V	0.99975	yes
Node36	56	A	1.00000	yes
Node36	57	E	0.99999	yes
Node36	58	I	0.98615	yes
Node36	59	V	0.97120	yes
Node36	60	R	0.99997	yes
Node36	61	N	0.97658	yes
Node36	62	R	0.99781	yes
Node36	63	F	0.99966	yes
Node36	64	I	0.77324	yes
Node36	65	P	0.99958	yes
Node36	66	D	0.99949	yes
Node36	67	D	0.18940	NO
Node36	68	K	0.11697	NO
Node36	69	Y	0.15825	NO
Node36	70	Q	0.49507	NO
Node36	71	V	0.71445	yes
Node36	72	Q	0.41838	NO
Node36	73	I	0.78636	yes
Node36	74	E	0.89962	yes
Node36	75	N	0.41098	NO
Node36	76	I	0.99962	yes
Node36	77	K	0.49935	NO
Node36	78	I	0.99757	yes
Node36	79	G	0.94348	yes
Node36	80	T	0.99997	yes
Node37	1	N	0.99950	yes
Node37	2	V	0.91159	yes
Node37	3	V	0.95929	yes
Node37	4	F	0.85921	yes
Node37	5	V	0.52864	NO
Node37	6	G	0.99998	yes
Node37	7	S	0.15982	NO
Node37	8	K	0.23698	NO
Node37	9	K	0.63181	NO
Node37	10	K	0.99989	yes
Node37	11	P	1.00000	yes
Node37	12	V	0.99148	yes
Node37	13	M	0.99998	yes
Node37	14	N	0.99941	yes
Node37	15	Y	0.99967	yes
Node37	16	V	0.99993	yes
Node37	17	L	0.97880	yes
Node37	18	A	0.99957	yes
Node37	19	V	0.99842	yes
Node37	20	V	0.88957	yes
Node37	21	T	0.99933	yes
Node37	22	Q	0.99901	yes
Node37	23	F	0.85326	yes
Node37	24	S	0.12588	NO
Node37	25	K	0.11039	NO
Node37	26	F	0.27269	NO
Node37	27	S	0.19378	NO
Node37	28	L	0.18170	NO
Node37	29	S	0.10979	NO
Node37	30	N	0.99058	yes
Node37	31	G	0.51295	NO
Node37	32	N	0.94991	yes
Node37	33	L	0.14277	NO
Node37	34	D	0.13644	NO
Node37	35	L	0.27957	NO
Node37	36	A	0.85457	yes
Node37	37	N	0.90509	yes
Node37	38	E	0.98458	yes
Node37	39	V	0.97397	yes
Node37	40	I	0.88995	yes
Node37	41	I	0.99618	yes
Node37	42	K	0.99955	yes
Node37	43	A	0.99997	yes
Node37	44	R	0.99833	yes
Node37	45	G	1.00000	yes
Node37	46	S	0.22561	NO
Node37	47	K	0.70039	yes
Node37	48	A	0.98675	yes
Node37	49	I	0.99992	yes
Node37	50	S	0.97307	yes
Node37	51	K	0.72082	yes
Node37	52	A	0.99999	yes
Node37	53	V	0.99994	yes
Node37	54	D	0.99968	yes
Node37	55	V	0.99944	yes
Node37	56	A	0.99999	yes
Node37	57	E	0.99992	yes
Node37	58	I	0.95833	yes
Node37	59	V	0.76438	yes
Node37	60	R	0.99987	yes
Node37	61	N	0.95905	yes
Node37	62	R	0.96869	yes
Node37	63	F	0.99897	yes
Node37	64	I	0.84424	yes
Node37	65	P	0.99165	yes
Node37	66	D	0.99906	yes
Node37	67	D	0.18464	NO
Node37	68	K	0.11620	NO
Node37	69	Y	0.15511	NO
Node37	70	Q	0.42298	NO
Node37	71	V	0.69128	NO
Node37	72	K	0.89935	yes
Node37	73	I	0.79509	yes
Node37	74	E	0.90066	yes
Node37	75	K	0.30268	NO
Node37	76	I	0.99891	yes
Node37	77	K	0.50062	NO
Node37	78	I	0.96962	yes
Node37	79	G	0.94458	yes
Node37	80	T	0.99991	yes
Node38	1	N	0.99265	yes
Node38	2	I	0.63625	NO
Node38	3	V	0.62621	NO
Node38	4	F	0.89385	yes
Node38	5	V	0.66633	NO
Node38	6	G	0.99987	yes
Node38	7	S	0.15548	NO
Node38	8	K	0.21642	NO
Node38	9	K	0.69372	NO
Node38	10	K	0.99763	yes
Node38	11	P	0.99997	yes
Node38	12	V	0.82172	yes
Node38	13	M	0.99982	yes
Node38	14	N	0.99165	yes
Node38	15	Y	0.99525	yes
Node38	16	V	0.99826	yes
Node38	17	L	0.99168	yes
Node38	18	A	0.99406	yes
Node38	19	V	0.99407	yes
Node38	20	V	0.89788	yes
Node38	21	T	0.99069	yes
Node38	22	Q	0.98884	yes
Node38	23	F	0.87941	yes
Node38	24	S	0.12404	NO
Node38	25	K	0.10921	NO
Node38	26	F	0.26400	NO
Node38	27	S	0.18835	NO
Node38	28	L	0.17901	NO
Node38	29	S	0.10877	NO
Node38	30	N	0.99272	yes
Node38	31	G	0.46196	NO
Node38	32	N	0.99446	yes
Node38	33	L	0.14153	NO
Node38	34	D	0.13275	NO
Node38	35	L	0.27327	NO
Node38	36	A	0.88437	yes
Node38	37	N	0.93658	yes
Node38	38	K	0.87858	yes
Node38	39	I	0.82659	yes
Node38	40	I	0.88730	yes
Node38	41	I	0.99320	yes
Node38	42	K	0.99813	yes
Node38	43	A	0.99839	yes
Node38	44	R	0.98653	yes
Node38	45	G	1.00000	yes
Node38	46	S	0.21624	NO
Node38	47	K	0.85901	yes
Node38	48	T	0.47147	NO
Node38	49	I	0.99961	yes
Node38	50	S	0.97679	yes
Node38	51	K	0.88989	yes
Node38	52	A	0.99996	yes
Node38	53	V	0.99969	yes
Node38	54	D	0.99453	yes
Node38	55	V	0.99750	yes
Node38	56	A	0.99995	yes
Node38	57	E	0.99726	yes
Node38	58	I	0.96992	yes
Node38	59	V	0.59839	NO
Node38	60	R	0.99712	yes
Node38	61	N	0.52512	NO
Node38	62	K	0.68722	NO
Node38	63	F	0.99277	yes
Node38	64	I	0.84797	yes
Node38	65	P	0.99113	yes
Node38	66	D	0.99211	yes
Node38	67	D	0.17552	NO
Node38	68	K	0.11466	NO
Node38	69	Y	0.14896	NO
Node38	70	Q	0.30744	NO
Node38	71	A	0.82063	yes
Node38	72	K	0.97488	yes
Node38	73	I	0.52180	NO
Node38	74	E	0.99092	yes
Node38	75	E	0.48672	NO
Node38	76	I	0.99571	yes
Node38	77	K	0.71152	yes
Node38	78	L	0.78580	yes
Node38	79	D	0.76530	yes
Node38	80	T	0.99943	yes
Node39	1	S	0.93119	yes
Node39	2	I	0.98150	yes
Node39	3	V	0.96920	yes
Node39	4	Y	0.96545	yes
Node39	5	I	0.92133	yes
Node39	6	G	0.99634	yes
Node39	7	S	0.13552	NO
Node39	8	K	0.14328	NO
Node39	9	N	0.97130	yes
Node39	10	D	0.99649	yes
Node39	11	P	0.99998	yes
Node39	12	V	0.99265	yes
Node39	13	M	0.99980	yes
Node39	14	Q	0.93315	yes
Node39	15	S	0.89217	yes
Node39	16	A	0.99870	yes
Node39	17	L	0.98335	yes
Node39	18	E	0.96658	yes
Node39	19	V	0.99512	yes
Node39	20	L	0.98826	yes
Node39	21	S	0.95010	yes
Node39	22	I	0.76909	yes
Node39	23	L	0.99487	yes
Node39	24	S	0.11528	NO
Node39	25	K	0.10323	NO
Node39	26	F	0.21983	NO
Node39	27	S	0.16219	NO
Node39	28	L	0.16503	NO
Node39	29	S	0.10028	NO
Node39	30	N	0.44733	NO
Node39	31	G	0.99715	yes
Node39	32	N	0.99375	yes
Node39	33	L	0.13497	NO
Node39	34	D	0.11457	NO
Node39	35	L	0.24119	NO
Node39	36	K	0.87910	yes
Node39	37	K	0.89932	yes
Node39	38	K	0.97704	yes
Node39	39	I	0.99883	yes
Node39	40	T	0.97649	yes
Node39	41	I	0.98180	yes
Node39	42	K	0.99845	yes
Node39	43	S	0.68778	NO
Node39	44	K	0.95943	yes
Node39	45	G	1.00000	yes
Node39	46	S	0.17475	NO
Node39	47	N	0.90926	yes
Node39	48	S	0.96945	yes
Node39	49	I	0.99966	yes
Node39	50	P	0.99871	yes
Node39	51	N	0.99569	yes
Node39	52	A	0.99996	yes
Node39	53	V	0.99972	yes
Node39	54	A	0.99288	yes
Node39	55	V	0.98259	yes
Node39	56	A	0.99995	yes
Node39	57	N	0.99806	yes
Node39	58	I	0.98660	yes
Node39	59	I	0.98681	yes
Node39	60	T	0.99644	yes
Node39	61	E	0.91496	yes
Node39	62	K	0.99450	yes
Node39	63	M	0.98398	yes
Node39	64	L	0.95777	yes
Node39	65	N	0.90567	yes
Node39	66	G	0.99726	yes
Node39	67	D	0.13531	NO
Node39	68	K	0.10698	NO
Node39	69	Y	0.11921	NO
Node39	70	N	0.92912	yes
Node39	71	S	0.99116	yes
Node39	72	K	0.98516	yes
Node39	73	V	0.96808	yes
Node39	74	E	0.99919	yes
Node39	75	K	0.98171	yes
Node39	76	I	0.99647	yes
Node39	77	N	0.93169	yes
Node39	78	L	0.96232	yes
Node39	79	D	0.98931	yes
Node39	80	T	0.98993	yes
Node40	1	N	0.88141	yes
Node40	2	V	0.65476	NO
Node40	3	V	0.81760	yes
Node40	4	R	0.38266	NO
Node40	5	V	0.96038	yes
Node40	6	G	0.48418	NO
Node40	7	T	0.27760	NO
Node40	8	S	0.35963	NO
Node40	9	N	0.71295	yes
Node40	10	K	0.98905	yes
Node40	11	P	0.83687	yes
Node40	12	L	0.27854	NO
Node40	13	F	0.69068	NO
Node40	14	S	0.20084	NO
Node40	15	Y	0.98185	yes
Node40	16	V	0.99598	yes
Node40	17	D	0.73715	yes
Node40	18	Y	0.40157	NO
Node40	19	C	0.32362	NO
Node40	20	K	0.84078	yes
Node40	21	R	0.43413	NO
Node40	22	R	0.55132	NO
Node40	23	L	0.89318	yes
Node40	24	S	0.13391	NO
Node40	25	K	0.11531	NO
Node40	26	F	0.30882	NO
Node40	27	S	0.21731	NO
Node40	28	L	0.19258	NO
Node40	29	K	0.13950	NO
Node40	30	H	0.51806	NO
Node40	31	E	0.80963	yes
Node40	32	G	0.76092	yes
Node40	33	L	0.14768	NO
Node40	34	D	0.15217	NO
Node40	35	L	0.30576	NO
Node40	36	Y	0.77066	yes
Node40	37	P	0.24102	NO
Node40	38	E	0.96851	yes
Node40	39	V	0.97772	yes
Node40	40	T	0.40577	NO
Node40	41	I	0.87826	yes
Node40	42	S	0.81715	yes
Node40	43	A	0.99963	yes
Node40	44	L	0.81845	yes
Node40	45	G	0.99998	yes
Node40	46	S	0.26962	NO
Node40	47	K	0.44821	NO
Node40	48	A	0.99611	yes
Node40	49	I	0.98806	yes
Node40	50	S	0.38211	NO
Node40	51	K	0.29368	NO
Node40	52	A	0.99126	yes
Node40	53	V	0.97800	yes
Node40	54	S	0.74664	yes
Node40	55	V	0.94864	yes
Node40	56	A	0.95105	yes
Node40	57	E	0.99925	yes
Node40	58	I	0.57979	NO
Node40	59	L	0.92084	yes
Node40	60	K	0.97268	yes
Node40	61	N	0.95071	yes
Node40	62	Q	0.43214	NO
Node40	63	G	0.78902	yes
Node40	64	L	0.31752	NO
Node40	65	P	0.19257	NO
Node40	66	L	0.30054	NO
Node40	67	D	0.22733	NO
Node40	68	K	0.12265	NO
Node40	69	Y	0.18170	NO
Node40	70	L	0.21247	NO
Node40	71	V	0.89883	yes
Node40	72	E	0.81480	yes
Node40	73	V	0.68316	NO
Node40	74	K	0.98410	yes
Node40	75	K	0.35338	NO
Node40	76	I	0.86986	yes
Node40	77	S	0.31246	NO
Node40	78	T	0.82402	yes
Node40	79	A	0.33838	NO
Node40	80	T	0.36412	NO
Node41	1	N	0.72425	yes
Node41	2	V	0.79857	yes
Node41	3	V	0.97911	yes
Node41	4	R	0.94101	yes
Node41	5	V	0.99373	yes
Node41	6	S	0.49934	NO
Node41	7	T	0.21087	NO
Node41	8	S	0.69920	NO
Node41	9	N	0.77653	yes
Node41	10	K	0.98685	yes
Node41	11	S	0.33818	NO
Node41	12	K	0.98102	yes
Node41	13	F	0.98639	yes
Node41	14	G	0.42369	NO
Node41	15	Y	0.99792	yes
Node41	16	V	0.99948	yes
Node41	17	D	0.98308	yes
Node41	18	Y	0.57930	NO
Node41	19	T	0.97366	yes
Node41	20	K	0.98387	yes
Node41	21	H	0.98906	yes
Node41	22	R	0.75475	yes
Node41	23	L	0.99149	yes
Node41	24	S	0.12860	NO
Node41	25	K	0.11210	NO
Node41	26	F	0.28525	NO
Node41	27	S	0.20180	NO
Node41	28	L	0.18554	NO
Node41	29	K	0.12754	NO
Node41	30	H	0.99294	yes
Node41	31	E	0.84431	yes
Node41	32	G	0.99765	yes
Node41	33	L	0.14452	NO
Node41	34	D	0.14184	NO
Node41	35	L	0.28868	NO
Node41	36	Y	0.83480	yes
Node41	37	P	0.53192	NO
Node41	38	E	0.99448	yes
Node41	39	V	0.99872	yes
Node41	40	T	0.68053	NO
Node41	41	I	0.98384	yes
Node41	42	S	0.98164	yes
Node41	43	A	0.99995	yes
Node41	44	L	0.97606	yes
Node41	45	G	1.00000	yes
Node41	46	S	0.23996	NO
Node41	47	K	0.49681	NO
Node41	48	A	0.99921	yes
Node41	49	I	0.99900	yes
Node41	50	A	0.50323	NO
Node41	51	D	0.55756	NO
Node41	52	A	0.99986	yes
Node41	53	V	0.99873	yes
Node41	54	S	0.97939	yes
Node41	55	V	0.99317	yes
Node41	56	V	0.98797	yes
Node41	57	E	0.99983	yes
Node41	58	L	0.66094	NO
Node41	59	L	0.99388	yes
Node41	60	K	0.99737	yes
Node41	61	N	0.92744	yes
Node41	62	Q	0.97865	yes
Node41	63	G	0.85891	yes
Node41	64	V	0.47524	NO
Node41	65	S	0.15624	NO
Node41	66	L	0.26029	NO
Node41	67	D	0.19858	NO
Node41	68	K	0.11843	NO
Node41	69	Y	0.16418	NO
Node41	70	L	0.18870	NO
Node41	71	V	0.98650	yes
Node41	72	T	0.67893	NO
Node41	73	V	0.91846	yes
Node41	74	K	0.99767	yes
Node41	75	K	0.92883	yes
Node41	76	I	0.98692	yes
Node41	77	C	0.49381	NO
Node41	78	T	0.99032	yes
Node41	79	A	0.61517	NO
Node41	80	R	0.99114	yes
Node42	1	N	0.34850	NO
Node42	2	V	0.64327	NO
Node42	3	V	0.75949	yes
Node42	4	N	0.30238	NO
Node42	5	V	0.72231	yes
Node42	6	K	0.78314	yes
Node42	7	G	0.25280	NO
Node42	8	Q	0.26787	NO
Node42	9	H	0.58686	NO
Node42	10	T	0.54432	NO
Node42	11	Q	0.56193	NO
Node42	12	I	0.47393	NO
Node42	13	H	0.46845	NO
Node42	14	T	0.43062	NO
Node42	15	Y	0.49035	NO
Node42	16	V	0.73232	yes
Node42	17	E	0.89415	yes
Node42	18	H	0.56480	NO
Node42	19	C	0.99079	yes
Node42	20	L	0.35855	NO
Node42	21	K	0.57310	NO
Node42	22	R	0.64434	NO
Node42	23	L	0.78163	yes
Node42	24	S	0.14151	NO
Node42	25	K	0.11961	NO
Node42	26	F	0.34057	NO
Node42	27	S	0.23918	NO
Node42	28	L	0.20171	NO
Node42	29	D	0.27762	NO
Node42	30	S	0.48581	NO
Node42	31	D	0.53562	NO
Node42	32	N	0.97371	yes
Node42	33	L	0.15163	NO
Node42	34	D	0.16650	NO
Node42	35	L	0.32877	NO
Node42	36	S	0.22801	NO
Node42	37	P	0.40615	NO
Node42	38	G	0.38557	NO
Node42	39	I	0.85134	yes
Node42	40	T	0.48422	NO
Node42	41	I	0.89547	yes
Node42	42	V	0.60109	NO
Node42	43	G	0.94807	yes
Node42	44	E	0.19435	NO
Node42	45	E	0.61958	NO
Node42	46	S	0.31622	NO
Node42	47	K	0.63915	NO
Node42	48	A	0.99011	yes
Node42	49	I	0.51771	NO
Node42	50	S	0.37743	NO
Node42	51	K	0.96317	yes
Node42	52	A	0.99947	yes
Node42	53	I	0.92172	yes
Node42	54	S	0.84489	yes
Node42	55	I	0.82393	yes
Node42	56	A	0.99190	yes
Node42	57	E	0.99833	yes
Node42	58	I	0.66688	NO
Node42	59	L	0.87564	yes
Node42	60	K	0.98733	yes
Node42	61	N	0.76612	yes
Node42	62	K	0.80572	yes
Node42	63	Y	0.63663	NO
Node42	64	S	0.30362	NO
Node42	65	G	0.32528	NO
Node42	66	L	0.59513	NO
Node42	67	D	0.38609	NO
Node42	68	K	0.12839	NO
Node42	69	Y	0.33241	NO
Node42	70	L	0.59766	NO
Node42	71	I	0.64917	NO
Node42	72	E	0.94701	yes
Node42	73	V	0.29308	NO
Node42	74	T	0.83679	yes
Node42	75	T	0.24670	NO
Node42	76	L	0.74435	yes
Node42	77	E	0.31879	NO
Node42	78	T	0.29762	NO
Node42	79	S	0.47237	NO
Node42	80	V	0.52109	NO
Node43	1	T	0.36810	NO
Node43	2	Q	0.53101	NO
Node43	3	M	0.97274	yes
Node43	4	S	0.63732	NO
Node43	5	I	0.65817	NO
Node43	6	L	0.91853	yes
Node43	7	G	0.19758	NO
Node43	8	S	0.40025	NO
Node43	9	S	0.83951	yes
Node43	10	S	0.84791	yes
Node43	11	Q	0.54179	NO
Node43	12	I	0.90917	yes
Node43	13	R	0.83118	yes
Node43	14	K	0.95127	yes
Node43	15	K	0.36049	NO
Node43	16	V	0.88268	yes
Node43	17	D	0.38973	NO
Node43	18	R	0.96219	yes
Node43	19	A	0.42777	NO
Node43	20	L	0.92648	yes
Node43	21	S	0.45895	NO
Node43	22	I	0.29465	NO
Node43	23	L	0.98424	yes
Node43	24	S	0.43151	NO
Node43	25	T	0.33271	NO
Node43	26	F	0.96534	yes
Node43	27	S	0.91904	yes
Node43	28	F	0.37705	NO
Node43	29	S	0.41413	NO
Node43	30	D	0.98073	yes
Node43	31	K	0.39376	NO
Node43	32	T	0.61493	NO
Node43	33	V	0.43222	NO
Node43	34	G	0.28928	NO
Node43	35	L	0.83336	yes
Node43	36	P	0.96850	yes
Node43	37	H	0.20720	NO
Node43	38	V	0.83283	yes
Node43	39	V	0.99063	yes
Node43	40	L	0.85361	yes
Node43	41	L	0.95956	yes
Node43	42	C	0.50735	NO
Node43	43	A	0.98505	yes
Node43	44	K	0.86167	yes
Node43	45	A	0.54000	NO
Node43	46	S	0.22630	NO
Node43	47	P	0.88328	yes
Node43	48	A	0.77899	yes
Node43	49	A	0.85653	yes
Node43	50	T	0.36056	NO
Node43	51	K	0.98628	yes
Node43	52	L	0.96526	yes
Node43	53	I	0.99048	yes
Node43	54	S	0.57866	NO
Node43	55	I	0.94560	yes
Node43	56	A	0.99934	yes
Node43	57	E	0.99904	yes
Node43	58	I	0.85210	yes
Node43	59	V	0.53917	NO
Node43	60	K	0.83496	yes
Node43	61	R	0.97162	yes
Node43	62	K	0.31305	NO
Node43	63	L	0.63215	NO
Node43	64	A	0.40785	NO
Node43	65	N	0.30072	NO
Node43	66	N	0.48569	NO
Node43	67	G	0.37874	NO
Node43	68	Q	0.34156	NO
Node43	69	K	0.95841	yes
Node43	70	W	0.99449	yes
Node43	71	F	0.91549	yes
Node43	72	Q	0.97015	yes
Node43	73	Y	0.94427	yes
Node43	74	N	0.98147	yes
Node43	75	V	0.54730	NO
Node43	76	V	0.66740	NO
Node43	77	G	0.45074	NO
Node43	78	E	0.94827	yes
Node43	79	L	0.44009	NO
Node43	80	S	0.45536	NO
