pdb_id	chain	resnum	resname	aa1	n_bb	n_base	n_2oh	n_sr	n_total	dominant	na_type
3IAB	A	20	THR	T	8	0	0	0	8	bb	RNA
3IAB	A	51	LYS	K	0	3	0	0	3	base	RNA
3IAB	A	52	ASN	N	1	20	0	0	21	base	RNA
3IAB	A	54	ASN	N	3	0	0	0	3	bb	RNA
3IAB	A	55	ILE	I	6	0	0	1	7	bb	RNA
3IAB	A	56	LYS	K	3	5	5	0	13	base	RNA
3IAB	A	59	VAL	V	0	5	0	0	5	base	RNA
3IAB	A	60	ASN	N	0	4	0	0	4	base	RNA
3IAB	A	61	LYS	K	4	0	0	1	5	bb	RNA
3IAB	A	64	LYS	K	1	0	0	0	1	bb	RNA
3IAB	A	89	GLN	Q	0	8	0	0	8	base	RNA
3IAB	A	90	LYS	K	0	4	0	0	4	base	RNA
3IAB	A	93	SER	S	3	2	0	0	5	bb	RNA
3IAB	A	96	GLU	E	0	2	0	0	2	base	RNA
3IAB	A	97	ILE	I	0	12	0	2	14	base	RNA
3IAB	A	100	LYS	K	1	0	0	0	1	bb	RNA
3IAB	A	129	GLN	Q	1	0	0	0	1	bb	RNA
3IAB	A	131	GLU	E	0	0	1	1	2	2oh	RNA
3IAB	A	132	ARG	R	0	2	0	0	2	base	RNA
3IAB	A	133	LEU	L	0	8	0	0	8	base	RNA
3IAB	A	134	LYS	K	0	7	0	0	7	base	RNA
