job_id	pfam_id	pfam_name	binding_type	functional_category	tier	species_short	species_name	domain_of_life	uniprot_acc	protein_name	gene_name	protein_length	protein_fasta	substrate_type	substrate_seq	substrate_notation
PF00575_eco_P0AFF6_RNA	PF00575	S1	RNA	rna_binding_structural	1	eco	Escherichia coli K-12	Bacteria	P0AFF6	Transcription termination/antitermination protein NusA	nusA	495	/storage/kiran-stuff/Vocabulary-Proteins/ancient-discrimination/scripts/../data/sequences/P0AFF6.fasta	RNA	UUUUUUUUUU	poly-U 10mer
PF00575_eco_P0AFF6_DNA	PF00575	S1	RNA	rna_binding_structural	1	eco	Escherichia coli K-12	Bacteria	P0AFF6	Transcription termination/antitermination protein NusA	nusA	495	/storage/kiran-stuff/Vocabulary-Proteins/ancient-discrimination/scripts/../data/sequences/P0AFF6.fasta	DNA	TTTTTTTTTT	poly-dT 10mer
PF00575_bsu_O32231_RNA	PF00575	S1	RNA	rna_binding_structural	1	bsu	Bacillus subtilis 168	Bacteria	O32231	Ribonuclease R	rnr	779	/storage/kiran-stuff/Vocabulary-Proteins/ancient-discrimination/scripts/../data/sequences/O32231.fasta	RNA	UUUUUUUUUU	poly-U 10mer
PF00575_bsu_O32231_DNA	PF00575	S1	RNA	rna_binding_structural	1	bsu	Bacillus subtilis 168	Bacteria	O32231	Ribonuclease R	rnr	779	/storage/kiran-stuff/Vocabulary-Proteins/ancient-discrimination/scripts/../data/sequences/O32231.fasta	DNA	TTTTTTTTTT	poly-dT 10mer
PF00575_tth_Q5SJ75_RNA	PF00575	S1	RNA	rna_binding_structural	1	tth	Thermus thermophilus	Bacteria	Q5SJ75	Polyribonucleotide nucleotidyltransferase	pnp	713	/storage/kiran-stuff/Vocabulary-Proteins/ancient-discrimination/scripts/../data/sequences/Q5SJ75.fasta	RNA	UUUUUUUUUU	poly-U 10mer
PF00575_tth_Q5SJ75_DNA	PF00575	S1	RNA	rna_binding_structural	1	tth	Thermus thermophilus	Bacteria	Q5SJ75	Polyribonucleotide nucleotidyltransferase	pnp	713	/storage/kiran-stuff/Vocabulary-Proteins/ancient-discrimination/scripts/../data/sequences/Q5SJ75.fasta	DNA	TTTTTTTTTT	poly-dT 10mer
PF00575_mja_Q57840_RNA	PF00575	S1	RNA	rna_binding_structural	1	mja	Methanocaldococcus jannaschii DSM 2661	Archaea	Q57840	DNA-directed RNA polymerase subunit Rpo7	rpo7	187	/storage/kiran-stuff/Vocabulary-Proteins/ancient-discrimination/scripts/../data/sequences/Q57840.fasta	RNA	UUUUUUUUUU	poly-U 10mer
PF00575_mja_Q57840_DNA	PF00575	S1	RNA	rna_binding_structural	1	mja	Methanocaldococcus jannaschii DSM 2661	Archaea	Q57840	DNA-directed RNA polymerase subunit Rpo7	rpo7	187	/storage/kiran-stuff/Vocabulary-Proteins/ancient-discrimination/scripts/../data/sequences/Q57840.fasta	DNA	TTTTTTTTTT	poly-dT 10mer
PF00575_sso_Q97Z79_RNA	PF00575	S1	RNA	rna_binding_structural	1	sso	Sulfolobus solfataricus P2	Archaea	Q97Z79	Translation initiation factor 2 subunit alpha	eif2a	266	/storage/kiran-stuff/Vocabulary-Proteins/ancient-discrimination/scripts/../data/sequences/Q97Z79.fasta	RNA	UUUUUUUUUU	poly-U 10mer
PF00575_sso_Q97Z79_DNA	PF00575	S1	RNA	rna_binding_structural	1	sso	Sulfolobus solfataricus P2	Archaea	Q97Z79	Translation initiation factor 2 subunit alpha	eif2a	266	/storage/kiran-stuff/Vocabulary-Proteins/ancient-discrimination/scripts/../data/sequences/Q97Z79.fasta	DNA	TTTTTTTTTT	poly-dT 10mer
PF00575_sce_P20459_RNA	PF00575	S1	RNA	rna_binding_structural	1	sce	Saccharomyces cerevisiae S288C	Eukarya	P20459	Eukaryotic translation initiation factor 2 subunit alpha	SUI2	304	/storage/kiran-stuff/Vocabulary-Proteins/ancient-discrimination/scripts/../data/sequences/P20459.fasta	RNA	UUUUUUUUUU	poly-U 10mer
PF00575_sce_P20459_DNA	PF00575	S1	RNA	rna_binding_structural	1	sce	Saccharomyces cerevisiae S288C	Eukarya	P20459	Eukaryotic translation initiation factor 2 subunit alpha	SUI2	304	/storage/kiran-stuff/Vocabulary-Proteins/ancient-discrimination/scripts/../data/sequences/P20459.fasta	DNA	TTTTTTTTTT	poly-dT 10mer
PF00575_hsa_Q8TCS8_RNA	PF00575	S1	RNA	rna_binding_structural	1	hsa	Homo sapiens	Eukarya	Q8TCS8	Polyribonucleotide nucleotidyltransferase 1, mitochondrial	PNPT1	783	/storage/kiran-stuff/Vocabulary-Proteins/ancient-discrimination/scripts/../data/sequences/Q8TCS8.fasta	RNA	UUUUUUUUUU	poly-U 10mer
PF00575_hsa_Q8TCS8_DNA	PF00575	S1	RNA	rna_binding_structural	1	hsa	Homo sapiens	Eukarya	Q8TCS8	Polyribonucleotide nucleotidyltransferase 1, mitochondrial	PNPT1	783	/storage/kiran-stuff/Vocabulary-Proteins/ancient-discrimination/scripts/../data/sequences/Q8TCS8.fasta	DNA	TTTTTTTTTT	poly-dT 10mer
PF00575_ath_Q9S7G6_RNA	PF00575	S1	RNA	rna_binding_structural	1	ath	Arabidopsis thaliana	Eukarya	Q9S7G6	Polyribonucleotide nucleotidyltransferase 2, mitochondrial	PNP2	991	/storage/kiran-stuff/Vocabulary-Proteins/ancient-discrimination/scripts/../data/sequences/Q9S7G6.fasta	RNA	UUUUUUUUUU	poly-U 10mer
PF00575_ath_Q9S7G6_DNA	PF00575	S1	RNA	rna_binding_structural	1	ath	Arabidopsis thaliana	Eukarya	Q9S7G6	Polyribonucleotide nucleotidyltransferase 2, mitochondrial	PNP2	991	/storage/kiran-stuff/Vocabulary-Proteins/ancient-discrimination/scripts/../data/sequences/Q9S7G6.fasta	DNA	TTTTTTTTTT	poly-dT 10mer
PF00270_eco_P17888_RNA	PF00270	DEAD	RNA	rna_processing	1	eco	Escherichia coli K-12	Bacteria	P17888	Replication restart protein PriA	priA	732	/storage/kiran-stuff/Vocabulary-Proteins/ancient-discrimination/scripts/../data/sequences/P17888.fasta	RNA	UUUUUUUUUU	poly-U 10mer
PF00270_eco_P17888_DNA	PF00270	DEAD	RNA	rna_processing	1	eco	Escherichia coli K-12	Bacteria	P17888	Replication restart protein PriA	priA	732	/storage/kiran-stuff/Vocabulary-Proteins/ancient-discrimination/scripts/../data/sequences/P17888.fasta	DNA	TTTTTTTTTT	poly-dT 10mer
PF00270_bsu_P42305_RNA	PF00270	DEAD	RNA	rna_processing	1	bsu	Bacillus subtilis 168	Bacteria	P42305	ATP-dependent RNA helicase DbpA	dbpA	479	/storage/kiran-stuff/Vocabulary-Proteins/ancient-discrimination/scripts/../data/sequences/P42305.fasta	RNA	UUUUUUUUUU	poly-U 10mer
PF00270_bsu_P42305_DNA	PF00270	DEAD	RNA	rna_processing	1	bsu	Bacillus subtilis 168	Bacteria	P42305	ATP-dependent RNA helicase DbpA	dbpA	479	/storage/kiran-stuff/Vocabulary-Proteins/ancient-discrimination/scripts/../data/sequences/P42305.fasta	DNA	TTTTTTTTTT	poly-dT 10mer
PF00270_mja_Q58524_RNA	PF00270	DEAD	RNA	rna_processing	1	mja	Methanocaldococcus jannaschii DSM 2661	Archaea	Q58524	ATP-dependent DNA helicase Hel308	hel308	1195	/storage/kiran-stuff/Vocabulary-Proteins/ancient-discrimination/scripts/../data/sequences/Q58524.fasta	RNA	UUUUUUUUUU	poly-U 10mer
PF00270_mja_Q58524_DNA	PF00270	DEAD	RNA	rna_processing	1	mja	Methanocaldococcus jannaschii DSM 2661	Archaea	Q58524	ATP-dependent DNA helicase Hel308	hel308	1195	/storage/kiran-stuff/Vocabulary-Proteins/ancient-discrimination/scripts/../data/sequences/Q58524.fasta	DNA	TTTTTTTTTT	poly-dT 10mer
PF00270_sso_Q97ZF5_RNA	PF00270	DEAD	RNA	rna_processing	1	sso	Sulfolobus solfataricus P2	Archaea	Q97ZF5	Reverse gyrase 2	rgy2	1166	/storage/kiran-stuff/Vocabulary-Proteins/ancient-discrimination/scripts/../data/sequences/Q97ZF5.fasta	RNA	UUUUUUUUUU	poly-U 10mer
PF00270_sso_Q97ZF5_DNA	PF00270	DEAD	RNA	rna_processing	1	sso	Sulfolobus solfataricus P2	Archaea	Q97ZF5	Reverse gyrase 2	rgy2	1166	/storage/kiran-stuff/Vocabulary-Proteins/ancient-discrimination/scripts/../data/sequences/Q97ZF5.fasta	DNA	TTTTTTTTTT	poly-dT 10mer
PF00270_sce_P20449_RNA	PF00270	DEAD	RNA	rna_processing	1	sce	Saccharomyces cerevisiae S288C	Eukarya	P20449	ATP-dependent RNA helicase DBP5	DBP5	482	/storage/kiran-stuff/Vocabulary-Proteins/ancient-discrimination/scripts/../data/sequences/P20449.fasta	RNA	UUUUUUUUUU	poly-U 10mer
PF00270_sce_P20449_DNA	PF00270	DEAD	RNA	rna_processing	1	sce	Saccharomyces cerevisiae S288C	Eukarya	P20449	ATP-dependent RNA helicase DBP5	DBP5	482	/storage/kiran-stuff/Vocabulary-Proteins/ancient-discrimination/scripts/../data/sequences/P20449.fasta	DNA	TTTTTTTTTT	poly-dT 10mer
PF00270_hsa_O43143_RNA	PF00270	DEAD	RNA	rna_processing	1	hsa	Homo sapiens	Eukarya	O43143	ATP-dependent RNA helicase DHX15	DHX15	795	/storage/kiran-stuff/Vocabulary-Proteins/ancient-discrimination/scripts/../data/sequences/O43143.fasta	RNA	UUUUUUUUUU	poly-U 10mer
PF00270_hsa_O43143_DNA	PF00270	DEAD	RNA	rna_processing	1	hsa	Homo sapiens	Eukarya	O43143	ATP-dependent RNA helicase DHX15	DHX15	795	/storage/kiran-stuff/Vocabulary-Proteins/ancient-discrimination/scripts/../data/sequences/O43143.fasta	DNA	TTTTTTTTTT	poly-dT 10mer
PF00270_ath_F4INA9_RNA	PF00270	DEAD	RNA	rna_processing	1	ath	Arabidopsis thaliana	Eukarya	F4INA9	ATP-dependent DNA helicase homolog RECG1, chloroplastic/mitochondrial	RECG1	973	/storage/kiran-stuff/Vocabulary-Proteins/ancient-discrimination/scripts/../data/sequences/F4INA9.fasta	RNA	UUUUUUUUUU	poly-U 10mer
PF00270_ath_F4INA9_DNA	PF00270	DEAD	RNA	rna_processing	1	ath	Arabidopsis thaliana	Eukarya	F4INA9	ATP-dependent DNA helicase homolog RECG1, chloroplastic/mitochondrial	RECG1	973	/storage/kiran-stuff/Vocabulary-Proteins/ancient-discrimination/scripts/../data/sequences/F4INA9.fasta	DNA	TTTTTTTTTT	poly-dT 10mer
PF02171_mja_Q58717_RNA	PF02171	Piwi	RNA	other	1	mja	Methanocaldococcus jannaschii DSM 2661	Archaea	Q58717	Protein argonaute	ago	713	/storage/kiran-stuff/Vocabulary-Proteins/ancient-discrimination/scripts/../data/sequences/Q58717.fasta	RNA	UUUUUUUUUU	poly-U 10mer
PF02171_mja_Q58717_DNA	PF02171	Piwi	RNA	other	1	mja	Methanocaldococcus jannaschii DSM 2661	Archaea	Q58717	Protein argonaute	ago	713	/storage/kiran-stuff/Vocabulary-Proteins/ancient-discrimination/scripts/../data/sequences/Q58717.fasta	DNA	TTTTTTTTTT	poly-dT 10mer
PF02171_hsa_Q9HCK5_RNA	PF02171	Piwi	RNA	other	1	hsa	Homo sapiens	Eukarya	Q9HCK5	Protein argonaute-4	AGO4	861	/storage/kiran-stuff/Vocabulary-Proteins/ancient-discrimination/scripts/../data/sequences/Q9HCK5.fasta	RNA	UUUUUUUUUU	poly-U 10mer
PF02171_hsa_Q9HCK5_DNA	PF02171	Piwi	RNA	other	1	hsa	Homo sapiens	Eukarya	Q9HCK5	Protein argonaute-4	AGO4	861	/storage/kiran-stuff/Vocabulary-Proteins/ancient-discrimination/scripts/../data/sequences/Q9HCK5.fasta	DNA	TTTTTTTTTT	poly-dT 10mer
PF02171_ath_O04379_RNA	PF02171	Piwi	RNA	other	1	ath	Arabidopsis thaliana	Eukarya	O04379	Protein argonaute 1	AGO1	1048	/storage/kiran-stuff/Vocabulary-Proteins/ancient-discrimination/scripts/../data/sequences/O04379.fasta	RNA	UUUUUUUUUU	poly-U 10mer
PF02171_ath_O04379_DNA	PF02171	Piwi	RNA	other	1	ath	Arabidopsis thaliana	Eukarya	O04379	Protein argonaute 1	AGO1	1048	/storage/kiran-stuff/Vocabulary-Proteins/ancient-discrimination/scripts/../data/sequences/O04379.fasta	DNA	TTTTTTTTTT	poly-dT 10mer
PF00013_eco_P05055_RNA	PF00013	KH_1	RNA	rna_binding_structural	1	eco	Escherichia coli K-12	Bacteria	P05055	Polyribonucleotide nucleotidyltransferase	pnp	711	/storage/kiran-stuff/Vocabulary-Proteins/ancient-discrimination/scripts/../data/sequences/P05055.fasta	RNA	UUUUUUUUUU	poly-U 10mer
PF00013_eco_P05055_DNA	PF00013	KH_1	RNA	rna_binding_structural	1	eco	Escherichia coli K-12	Bacteria	P05055	Polyribonucleotide nucleotidyltransferase	pnp	711	/storage/kiran-stuff/Vocabulary-Proteins/ancient-discrimination/scripts/../data/sequences/P05055.fasta	DNA	TTTTTTTTTT	poly-dT 10mer
PF00013_bsu_O31774_RNA	PF00013	KH_1	RNA	rna_binding_structural	1	bsu	Bacillus subtilis 168	Bacteria	O31774	Ribonuclease Y	rny	520	/storage/kiran-stuff/Vocabulary-Proteins/ancient-discrimination/scripts/../data/sequences/O31774.fasta	RNA	UUUUUUUUUU	poly-U 10mer
PF00013_bsu_O31774_DNA	PF00013	KH_1	RNA	rna_binding_structural	1	bsu	Bacillus subtilis 168	Bacteria	O31774	Ribonuclease Y	rny	520	/storage/kiran-stuff/Vocabulary-Proteins/ancient-discrimination/scripts/../data/sequences/O31774.fasta	DNA	TTTTTTTTTT	poly-dT 10mer
PF00013_tth_Q5SJ75_RNA	PF00013	KH_1	RNA	rna_binding_structural	1	tth	Thermus thermophilus	Bacteria	Q5SJ75	Polyribonucleotide nucleotidyltransferase	pnp	713	/storage/kiran-stuff/Vocabulary-Proteins/ancient-discrimination/scripts/../data/sequences/Q5SJ75.fasta	RNA	UUUUUUUUUU	poly-U 10mer
PF00013_tth_Q5SJ75_DNA	PF00013	KH_1	RNA	rna_binding_structural	1	tth	Thermus thermophilus	Bacteria	Q5SJ75	Polyribonucleotide nucleotidyltransferase	pnp	713	/storage/kiran-stuff/Vocabulary-Proteins/ancient-discrimination/scripts/../data/sequences/Q5SJ75.fasta	DNA	TTTTTTTTTT	poly-dT 10mer
PF00013_mja_Q58928_RNA	PF00013	KH_1	RNA	rna_binding_structural	1	mja	Methanocaldococcus jannaschii DSM 2661	Archaea	Q58928	Uncharacterized KH and PIN-domain containing protein MJ1533	MJ1533	642	/storage/kiran-stuff/Vocabulary-Proteins/ancient-discrimination/scripts/../data/sequences/Q58928.fasta	RNA	UUUUUUUUUU	poly-U 10mer
PF00013_mja_Q58928_DNA	PF00013	KH_1	RNA	rna_binding_structural	1	mja	Methanocaldococcus jannaschii DSM 2661	Archaea	Q58928	Uncharacterized KH and PIN-domain containing protein MJ1533	MJ1533	642	/storage/kiran-stuff/Vocabulary-Proteins/ancient-discrimination/scripts/../data/sequences/Q58928.fasta	DNA	TTTTTTTTTT	poly-dT 10mer
PF00013_sce_P06105_RNA	PF00013	KH_1	RNA	rna_binding_structural	1	sce	Saccharomyces cerevisiae S288C	Eukarya	P06105	Protein SCP160	SCP160	1222	/storage/kiran-stuff/Vocabulary-Proteins/ancient-discrimination/scripts/../data/sequences/P06105.fasta	RNA	UUUUUUUUUU	poly-U 10mer
PF00013_sce_P06105_DNA	PF00013	KH_1	RNA	rna_binding_structural	1	sce	Saccharomyces cerevisiae S288C	Eukarya	P06105	Protein SCP160	SCP160	1222	/storage/kiran-stuff/Vocabulary-Proteins/ancient-discrimination/scripts/../data/sequences/P06105.fasta	DNA	TTTTTTTTTT	poly-dT 10mer
PF00013_hsa_P51114_RNA	PF00013	KH_1	RNA	rna_binding_structural	1	hsa	Homo sapiens	Eukarya	P51114	RNA-binding protein FXR1	FXR1	621	/storage/kiran-stuff/Vocabulary-Proteins/ancient-discrimination/scripts/../data/sequences/P51114.fasta	RNA	UUUUUUUUUU	poly-U 10mer
PF00013_hsa_P51114_DNA	PF00013	KH_1	RNA	rna_binding_structural	1	hsa	Homo sapiens	Eukarya	P51114	RNA-binding protein FXR1	FXR1	621	/storage/kiran-stuff/Vocabulary-Proteins/ancient-discrimination/scripts/../data/sequences/P51114.fasta	DNA	TTTTTTTTTT	poly-dT 10mer
PF00013_ath_F4KDN0_RNA	PF00013	KH_1	RNA	rna_binding_structural	1	ath	Arabidopsis thaliana	Eukarya	F4KDN0	KH domain-containing protein HEN4	HEN4	857	/storage/kiran-stuff/Vocabulary-Proteins/ancient-discrimination/scripts/../data/sequences/F4KDN0.fasta	RNA	UUUUUUUUUU	poly-U 10mer
PF00013_ath_F4KDN0_DNA	PF00013	KH_1	RNA	rna_binding_structural	1	ath	Arabidopsis thaliana	Eukarya	F4KDN0	KH domain-containing protein HEN4	HEN4	857	/storage/kiran-stuff/Vocabulary-Proteins/ancient-discrimination/scripts/../data/sequences/F4KDN0.fasta	DNA	TTTTTTTTTT	poly-dT 10mer
PF01336_eco_P0A8N5_RNA	PF01336	tRNA_anti-codon	RNA	translation	1	eco	Escherichia coli K-12	Bacteria	P0A8N5	Lysine--tRNA ligase, heat inducible	lysU	505	/storage/kiran-stuff/Vocabulary-Proteins/ancient-discrimination/scripts/../data/sequences/P0A8N5.fasta	RNA	UUUUUUUUUU	poly-U 10mer
PF01336_eco_P0A8N5_DNA	PF01336	tRNA_anti-codon	RNA	translation	1	eco	Escherichia coli K-12	Bacteria	P0A8N5	Lysine--tRNA ligase, heat inducible	lysU	505	/storage/kiran-stuff/Vocabulary-Proteins/ancient-discrimination/scripts/../data/sequences/P0A8N5.fasta	DNA	TTTTTTTTTT	poly-dT 10mer
PF01336_bsu_P54602_RNA	PF01336	tRNA_anti-codon	RNA	translation	1	bsu	Bacillus subtilis 168	Bacteria	P54602	Endonuclease YhcR	yhcR	1217	/storage/kiran-stuff/Vocabulary-Proteins/ancient-discrimination/scripts/../data/sequences/P54602.fasta	RNA	UUUUUUUUUU	poly-U 10mer
PF01336_bsu_P54602_DNA	PF01336	tRNA_anti-codon	RNA	translation	1	bsu	Bacillus subtilis 168	Bacteria	P54602	Endonuclease YhcR	yhcR	1217	/storage/kiran-stuff/Vocabulary-Proteins/ancient-discrimination/scripts/../data/sequences/P54602.fasta	DNA	TTTTTTTTTT	poly-dT 10mer
PF01336_tth_Q5SIC2_RNA	PF01336	tRNA_anti-codon	RNA	translation	1	tth	Thermus thermophilus	Bacteria	Q5SIC2	Aspartate--tRNA(Asp/Asn) ligase	aspS2	422	/storage/kiran-stuff/Vocabulary-Proteins/ancient-discrimination/scripts/../data/sequences/Q5SIC2.fasta	RNA	UUUUUUUUUU	poly-U 10mer
PF01336_tth_Q5SIC2_DNA	PF01336	tRNA_anti-codon	RNA	translation	1	tth	Thermus thermophilus	Bacteria	Q5SIC2	Aspartate--tRNA(Asp/Asn) ligase	aspS2	422	/storage/kiran-stuff/Vocabulary-Proteins/ancient-discrimination/scripts/../data/sequences/Q5SIC2.fasta	DNA	TTTTTTTTTT	poly-dT 10mer
PF01336_mja_Q58559_RNA	PF01336	tRNA_anti-codon	RNA	translation	1	mja	Methanocaldococcus jannaschii DSM 2661	Archaea	Q58559	Replication factor A	rpa	645	/storage/kiran-stuff/Vocabulary-Proteins/ancient-discrimination/scripts/../data/sequences/Q58559.fasta	RNA	UUUUUUUUUU	poly-U 10mer
PF01336_mja_Q58559_DNA	PF01336	tRNA_anti-codon	RNA	translation	1	mja	Methanocaldococcus jannaschii DSM 2661	Archaea	Q58559	Replication factor A	rpa	645	/storage/kiran-stuff/Vocabulary-Proteins/ancient-discrimination/scripts/../data/sequences/Q58559.fasta	DNA	TTTTTTTTTT	poly-dT 10mer
PF01336_hvo_O24822_RNA	PF01336	tRNA_anti-codon	RNA	translation	1	hvo	Haloferax volcanii	Archaea	O24822	Aspartate--tRNA(Asp/Asn) ligase	aspS	433	/storage/kiran-stuff/Vocabulary-Proteins/ancient-discrimination/scripts/../data/sequences/O24822.fasta	RNA	UUUUUUUUUU	poly-U 10mer
PF01336_hvo_O24822_DNA	PF01336	tRNA_anti-codon	RNA	translation	1	hvo	Haloferax volcanii	Archaea	O24822	Aspartate--tRNA(Asp/Asn) ligase	aspS	433	/storage/kiran-stuff/Vocabulary-Proteins/ancient-discrimination/scripts/../data/sequences/O24822.fasta	DNA	TTTTTTTTTT	poly-dT 10mer
PF01336_sso_P95970_RNA	PF01336	tRNA_anti-codon	RNA	translation	1	sso	Sulfolobus solfataricus P2	Archaea	P95970	Lysine--tRNA ligase	lysS	494	/storage/kiran-stuff/Vocabulary-Proteins/ancient-discrimination/scripts/../data/sequences/P95970.fasta	RNA	UUUUUUUUUU	poly-U 10mer
PF01336_sso_P95970_DNA	PF01336	tRNA_anti-codon	RNA	translation	1	sso	Sulfolobus solfataricus P2	Archaea	P95970	Lysine--tRNA ligase	lysS	494	/storage/kiran-stuff/Vocabulary-Proteins/ancient-discrimination/scripts/../data/sequences/P95970.fasta	DNA	TTTTTTTTTT	poly-dT 10mer
PF01336_sce_P04802_RNA	PF01336	tRNA_anti-codon	RNA	translation	1	sce	Saccharomyces cerevisiae S288C	Eukarya	P04802	Aspartate--tRNA ligase, cytoplasmic	DPS1	557	/storage/kiran-stuff/Vocabulary-Proteins/ancient-discrimination/scripts/../data/sequences/P04802.fasta	RNA	UUUUUUUUUU	poly-U 10mer
PF01336_sce_P04802_DNA	PF01336	tRNA_anti-codon	RNA	translation	1	sce	Saccharomyces cerevisiae S288C	Eukarya	P04802	Aspartate--tRNA ligase, cytoplasmic	DPS1	557	/storage/kiran-stuff/Vocabulary-Proteins/ancient-discrimination/scripts/../data/sequences/P04802.fasta	DNA	TTTTTTTTTT	poly-dT 10mer
PF01336_hsa_P27694_RNA	PF01336	tRNA_anti-codon	RNA	translation	1	hsa	Homo sapiens	Eukarya	P27694	Replication protein A 70 kDa DNA-binding subunit	RPA1	616	/storage/kiran-stuff/Vocabulary-Proteins/ancient-discrimination/scripts/../data/sequences/P27694.fasta	RNA	UUUUUUUUUU	poly-U 10mer
PF01336_hsa_P27694_DNA	PF01336	tRNA_anti-codon	RNA	translation	1	hsa	Homo sapiens	Eukarya	P27694	Replication protein A 70 kDa DNA-binding subunit	RPA1	616	/storage/kiran-stuff/Vocabulary-Proteins/ancient-discrimination/scripts/../data/sequences/P27694.fasta	DNA	TTTTTTTTTT	poly-dT 10mer
PF01336_ath_Q9LJE2_RNA	PF01336	tRNA_anti-codon	RNA	translation	1	ath	Arabidopsis thaliana	Eukarya	Q9LJE2	Lysine--tRNA ligase, chloroplastic/mitochondrial	OVA5	602	/storage/kiran-stuff/Vocabulary-Proteins/ancient-discrimination/scripts/../data/sequences/Q9LJE2.fasta	RNA	UUUUUUUUUU	poly-U 10mer
PF01336_ath_Q9LJE2_DNA	PF01336	tRNA_anti-codon	RNA	translation	1	ath	Arabidopsis thaliana	Eukarya	Q9LJE2	Lysine--tRNA ligase, chloroplastic/mitochondrial	OVA5	602	/storage/kiran-stuff/Vocabulary-Proteins/ancient-discrimination/scripts/../data/sequences/Q9LJE2.fasta	DNA	TTTTTTTTTT	poly-dT 10mer
PF00398_eco_P06992_RNA	PF00398	RrnaAD	RNA	rna_modification	1	eco	Escherichia coli K-12	Bacteria	P06992	Ribosomal RNA small subunit methyltransferase A	rsmA	273	/storage/kiran-stuff/Vocabulary-Proteins/ancient-discrimination/scripts/../data/sequences/P06992.fasta	RNA	UUUUUUUUUU	poly-U 10mer
PF00398_eco_P06992_DNA	PF00398	RrnaAD	RNA	rna_modification	1	eco	Escherichia coli K-12	Bacteria	P06992	Ribosomal RNA small subunit methyltransferase A	rsmA	273	/storage/kiran-stuff/Vocabulary-Proteins/ancient-discrimination/scripts/../data/sequences/P06992.fasta	DNA	TTTTTTTTTT	poly-dT 10mer
PF00398_bsu_P37468_RNA	PF00398	RrnaAD	RNA	rna_modification	1	bsu	Bacillus subtilis 168	Bacteria	P37468	Ribosomal RNA small subunit methyltransferase A	rsmA	292	/storage/kiran-stuff/Vocabulary-Proteins/ancient-discrimination/scripts/../data/sequences/P37468.fasta	RNA	UUUUUUUUUU	poly-U 10mer
PF00398_bsu_P37468_DNA	PF00398	RrnaAD	RNA	rna_modification	1	bsu	Bacillus subtilis 168	Bacteria	P37468	Ribosomal RNA small subunit methyltransferase A	rsmA	292	/storage/kiran-stuff/Vocabulary-Proteins/ancient-discrimination/scripts/../data/sequences/P37468.fasta	DNA	TTTTTTTTTT	poly-dT 10mer
PF00398_tth_Q5SM60_RNA	PF00398	RrnaAD	RNA	rna_modification	1	tth	Thermus thermophilus	Bacteria	Q5SM60	Ribosomal RNA small subunit methyltransferase A	rsmA	271	/storage/kiran-stuff/Vocabulary-Proteins/ancient-discrimination/scripts/../data/sequences/Q5SM60.fasta	RNA	UUUUUUUUUU	poly-U 10mer
PF00398_tth_Q5SM60_DNA	PF00398	RrnaAD	RNA	rna_modification	1	tth	Thermus thermophilus	Bacteria	Q5SM60	Ribosomal RNA small subunit methyltransferase A	rsmA	271	/storage/kiran-stuff/Vocabulary-Proteins/ancient-discrimination/scripts/../data/sequences/Q5SM60.fasta	DNA	TTTTTTTTTT	poly-dT 10mer
PF00398_mja_Q58435_RNA	PF00398	RrnaAD	RNA	rna_modification	1	mja	Methanocaldococcus jannaschii DSM 2661	Archaea	Q58435	Probable ribosomal RNA small subunit methyltransferase A	rsmA	275	/storage/kiran-stuff/Vocabulary-Proteins/ancient-discrimination/scripts/../data/sequences/Q58435.fasta	RNA	UUUUUUUUUU	poly-U 10mer
PF00398_mja_Q58435_DNA	PF00398	RrnaAD	RNA	rna_modification	1	mja	Methanocaldococcus jannaschii DSM 2661	Archaea	Q58435	Probable ribosomal RNA small subunit methyltransferase A	rsmA	275	/storage/kiran-stuff/Vocabulary-Proteins/ancient-discrimination/scripts/../data/sequences/Q58435.fasta	DNA	TTTTTTTTTT	poly-dT 10mer
PF00398_sso_Q7LXK6_RNA	PF00398	RrnaAD	RNA	rna_modification	1	sso	Sulfolobus solfataricus P2	Archaea	Q7LXK6	Probable ribosomal RNA small subunit methyltransferase A	rsmA	194	/storage/kiran-stuff/Vocabulary-Proteins/ancient-discrimination/scripts/../data/sequences/Q7LXK6.fasta	RNA	UUUUUUUUUU	poly-U 10mer
PF00398_sso_Q7LXK6_DNA	PF00398	RrnaAD	RNA	rna_modification	1	sso	Sulfolobus solfataricus P2	Archaea	Q7LXK6	Probable ribosomal RNA small subunit methyltransferase A	rsmA	194	/storage/kiran-stuff/Vocabulary-Proteins/ancient-discrimination/scripts/../data/sequences/Q7LXK6.fasta	DNA	TTTTTTTTTT	poly-dT 10mer
PF00398_sce_P14908_RNA	PF00398	RrnaAD	RNA	rna_modification	1	sce	Saccharomyces cerevisiae S288C	Eukarya	P14908	Mitochondrial transcription factor 1	MTF1	341	/storage/kiran-stuff/Vocabulary-Proteins/ancient-discrimination/scripts/../data/sequences/P14908.fasta	RNA	UUUUUUUUUU	poly-U 10mer
PF00398_sce_P14908_DNA	PF00398	RrnaAD	RNA	rna_modification	1	sce	Saccharomyces cerevisiae S288C	Eukarya	P14908	Mitochondrial transcription factor 1	MTF1	341	/storage/kiran-stuff/Vocabulary-Proteins/ancient-discrimination/scripts/../data/sequences/P14908.fasta	DNA	TTTTTTTTTT	poly-dT 10mer
PF00398_hsa_Q8WVM0_RNA	PF00398	RrnaAD	RNA	rna_modification	1	hsa	Homo sapiens	Eukarya	Q8WVM0	Dimethyladenosine transferase 1, mitochondrial	TFB1M	346	/storage/kiran-stuff/Vocabulary-Proteins/ancient-discrimination/scripts/../data/sequences/Q8WVM0.fasta	RNA	UUUUUUUUUU	poly-U 10mer
PF00398_hsa_Q8WVM0_DNA	PF00398	RrnaAD	RNA	rna_modification	1	hsa	Homo sapiens	Eukarya	Q8WVM0	Dimethyladenosine transferase 1, mitochondrial	TFB1M	346	/storage/kiran-stuff/Vocabulary-Proteins/ancient-discrimination/scripts/../data/sequences/Q8WVM0.fasta	DNA	TTTTTTTTTT	poly-dT 10mer
PF00398_ath_O22268_RNA	PF00398	RrnaAD	RNA	rna_modification	1	ath	Arabidopsis thaliana	Eukarya	O22268	Ribosomal RNA small subunit methyltransferase	DIM1A	353	/storage/kiran-stuff/Vocabulary-Proteins/ancient-discrimination/scripts/../data/sequences/O22268.fasta	RNA	UUUUUUUUUU	poly-U 10mer
PF00398_ath_O22268_DNA	PF00398	RrnaAD	RNA	rna_modification	1	ath	Arabidopsis thaliana	Eukarya	O22268	Ribosomal RNA small subunit methyltransferase	DIM1A	353	/storage/kiran-stuff/Vocabulary-Proteins/ancient-discrimination/scripts/../data/sequences/O22268.fasta	DNA	TTTTTTTTTT	poly-dT 10mer
PF01479_eco_P0ACG8_RNA	PF01479	S4	RNA	rna_binding_structural	1	eco	Escherichia coli K-12	Bacteria	P0ACG8	Heat shock protein 15	hslR	133	/storage/kiran-stuff/Vocabulary-Proteins/ancient-discrimination/scripts/../data/sequences/P0ACG8.fasta	RNA	UUUUUUUUUU	poly-U 10mer
PF01479_eco_P0ACG8_DNA	PF01479	S4	RNA	rna_binding_structural	1	eco	Escherichia coli K-12	Bacteria	P0ACG8	Heat shock protein 15	hslR	133	/storage/kiran-stuff/Vocabulary-Proteins/ancient-discrimination/scripts/../data/sequences/P0ACG8.fasta	DNA	TTTTTTTTTT	poly-dT 10mer
PF01479_bsu_P37557_RNA	PF01479	S4	RNA	rna_binding_structural	1	bsu	Bacillus subtilis 168	Bacteria	P37557	RQC P-site tRNA stabilizing factor	rqcP	86	/storage/kiran-stuff/Vocabulary-Proteins/ancient-discrimination/scripts/../data/sequences/P37557.fasta	RNA	UUUUUUUUUU	poly-U 10mer
PF01479_bsu_P37557_DNA	PF01479	S4	RNA	rna_binding_structural	1	bsu	Bacillus subtilis 168	Bacteria	P37557	RQC P-site tRNA stabilizing factor	rqcP	86	/storage/kiran-stuff/Vocabulary-Proteins/ancient-discrimination/scripts/../data/sequences/P37557.fasta	DNA	TTTTTTTTTT	poly-dT 10mer
PF01479_tth_P80373_RNA	PF01479	S4	RNA	rna_binding_structural	1	tth	Thermus thermophilus	Bacteria	P80373	Small ribosomal subunit protein uS4	rpsD	209	/storage/kiran-stuff/Vocabulary-Proteins/ancient-discrimination/scripts/../data/sequences/P80373.fasta	RNA	UUUUUUUUUU	poly-U 10mer
PF01479_tth_P80373_DNA	PF01479	S4	RNA	rna_binding_structural	1	tth	Thermus thermophilus	Bacteria	P80373	Small ribosomal subunit protein uS4	rpsD	209	/storage/kiran-stuff/Vocabulary-Proteins/ancient-discrimination/scripts/../data/sequences/P80373.fasta	DNA	TTTTTTTTTT	poly-dT 10mer
PF01479_mja_P54020_RNA	PF01479	S4	RNA	rna_binding_structural	1	mja	Methanocaldococcus jannaschii DSM 2661	Archaea	P54020	Small ribosomal subunit protein uS4	rps4	187	/storage/kiran-stuff/Vocabulary-Proteins/ancient-discrimination/scripts/../data/sequences/P54020.fasta	RNA	UUUUUUUUUU	poly-U 10mer
PF01479_mja_P54020_DNA	PF01479	S4	RNA	rna_binding_structural	1	mja	Methanocaldococcus jannaschii DSM 2661	Archaea	P54020	Small ribosomal subunit protein uS4	rps4	187	/storage/kiran-stuff/Vocabulary-Proteins/ancient-discrimination/scripts/../data/sequences/P54020.fasta	DNA	TTTTTTTTTT	poly-dT 10mer
PF01479_sso_Q9UX94_RNA	PF01479	S4	RNA	rna_binding_structural	1	sso	Sulfolobus solfataricus P2	Archaea	Q9UX94	Small ribosomal subunit protein eS4	rps4e	239	/storage/kiran-stuff/Vocabulary-Proteins/ancient-discrimination/scripts/../data/sequences/Q9UX94.fasta	RNA	UUUUUUUUUU	poly-U 10mer
PF01479_sso_Q9UX94_DNA	PF01479	S4	RNA	rna_binding_structural	1	sso	Sulfolobus solfataricus P2	Archaea	Q9UX94	Small ribosomal subunit protein eS4	rps4e	239	/storage/kiran-stuff/Vocabulary-Proteins/ancient-discrimination/scripts/../data/sequences/Q9UX94.fasta	DNA	TTTTTTTTTT	poly-dT 10mer
PF01479_sce_P0CX36_RNA	PF01479	S4	RNA	rna_binding_structural	1	sce	Saccharomyces cerevisiae S288C	Eukarya	P0CX36	Small ribosomal subunit protein eS4B	RPS4B	261	/storage/kiran-stuff/Vocabulary-Proteins/ancient-discrimination/scripts/../data/sequences/P0CX36.fasta	RNA	UUUUUUUUUU	poly-U 10mer
PF01479_sce_P0CX36_DNA	PF01479	S4	RNA	rna_binding_structural	1	sce	Saccharomyces cerevisiae S288C	Eukarya	P0CX36	Small ribosomal subunit protein eS4B	RPS4B	261	/storage/kiran-stuff/Vocabulary-Proteins/ancient-discrimination/scripts/../data/sequences/P0CX36.fasta	DNA	TTTTTTTTTT	poly-dT 10mer
PF01479_hsa_Q9NV31_RNA	PF01479	S4	RNA	rna_binding_structural	1	hsa	Homo sapiens	Eukarya	Q9NV31	U3 small nucleolar ribonucleoprotein protein IMP3	IMP3	184	/storage/kiran-stuff/Vocabulary-Proteins/ancient-discrimination/scripts/../data/sequences/Q9NV31.fasta	RNA	UUUUUUUUUU	poly-U 10mer
PF01479_hsa_Q9NV31_DNA	PF01479	S4	RNA	rna_binding_structural	1	hsa	Homo sapiens	Eukarya	Q9NV31	U3 small nucleolar ribonucleoprotein protein IMP3	IMP3	184	/storage/kiran-stuff/Vocabulary-Proteins/ancient-discrimination/scripts/../data/sequences/Q9NV31.fasta	DNA	TTTTTTTTTT	poly-dT 10mer
PF01479_ath_Q8L960_RNA	PF01479	S4	RNA	rna_binding_structural	1	ath	Arabidopsis thaliana	Eukarya	Q8L960	Putative ribosomal large subunit pseudouridine synthase SVR1, chloroplastic	SVR1	410	/storage/kiran-stuff/Vocabulary-Proteins/ancient-discrimination/scripts/../data/sequences/Q8L960.fasta	RNA	UUUUUUUUUU	poly-U 10mer
PF01479_ath_Q8L960_DNA	PF01479	S4	RNA	rna_binding_structural	1	ath	Arabidopsis thaliana	Eukarya	Q8L960	Putative ribosomal large subunit pseudouridine synthase SVR1, chloroplastic	SVR1	410	/storage/kiran-stuff/Vocabulary-Proteins/ancient-discrimination/scripts/../data/sequences/Q8L960.fasta	DNA	TTTTTTTTTT	poly-dT 10mer
PF01131_eco_P14294_RNA	PF01131	Topoisom_bac	DNA	dna_topology	1	eco	Escherichia coli K-12	Bacteria	P14294	DNA topoisomerase 3	topB	653	/storage/kiran-stuff/Vocabulary-Proteins/ancient-discrimination/scripts/../data/sequences/P14294.fasta	RNA	UUUUUUUUUU	poly-U 10mer
PF01131_eco_P14294_DNA	PF01131	Topoisom_bac	DNA	dna_topology	1	eco	Escherichia coli K-12	Bacteria	P14294	DNA topoisomerase 3	topB	653	/storage/kiran-stuff/Vocabulary-Proteins/ancient-discrimination/scripts/../data/sequences/P14294.fasta	DNA	TTTTTTTTTT	poly-dT 10mer
PF01131_bsu_P39814_RNA	PF01131	Topoisom_bac	DNA	dna_topology	1	bsu	Bacillus subtilis 168	Bacteria	P39814	DNA topoisomerase 1	topA	691	/storage/kiran-stuff/Vocabulary-Proteins/ancient-discrimination/scripts/../data/sequences/P39814.fasta	RNA	UUUUUUUUUU	poly-U 10mer
PF01131_bsu_P39814_DNA	PF01131	Topoisom_bac	DNA	dna_topology	1	bsu	Bacillus subtilis 168	Bacteria	P39814	DNA topoisomerase 1	topA	691	/storage/kiran-stuff/Vocabulary-Proteins/ancient-discrimination/scripts/../data/sequences/P39814.fasta	DNA	TTTTTTTTTT	poly-dT 10mer
PF01131_mja_Q59046_RNA	PF01131	Topoisom_bac	DNA	dna_topology	1	mja	Methanocaldococcus jannaschii DSM 2661	Archaea	Q59046	DNA topoisomerase 1	topA	761	/storage/kiran-stuff/Vocabulary-Proteins/ancient-discrimination/scripts/../data/sequences/Q59046.fasta	RNA	UUUUUUUUUU	poly-U 10mer
PF01131_mja_Q59046_DNA	PF01131	Topoisom_bac	DNA	dna_topology	1	mja	Methanocaldococcus jannaschii DSM 2661	Archaea	Q59046	DNA topoisomerase 1	topA	761	/storage/kiran-stuff/Vocabulary-Proteins/ancient-discrimination/scripts/../data/sequences/Q59046.fasta	DNA	TTTTTTTTTT	poly-dT 10mer
PF01131_sso_Q97ZJ8_RNA	PF01131	Topoisom_bac	DNA	dna_topology	1	sso	Sulfolobus solfataricus P2	Archaea	Q97ZJ8	DNA topoisomerase 3	topA	668	/storage/kiran-stuff/Vocabulary-Proteins/ancient-discrimination/scripts/../data/sequences/Q97ZJ8.fasta	RNA	UUUUUUUUUU	poly-U 10mer
PF01131_sso_Q97ZJ8_DNA	PF01131	Topoisom_bac	DNA	dna_topology	1	sso	Sulfolobus solfataricus P2	Archaea	Q97ZJ8	DNA topoisomerase 3	topA	668	/storage/kiran-stuff/Vocabulary-Proteins/ancient-discrimination/scripts/../data/sequences/Q97ZJ8.fasta	DNA	TTTTTTTTTT	poly-dT 10mer
PF01131_sce_P13099_RNA	PF01131	Topoisom_bac	DNA	dna_topology	1	sce	Saccharomyces cerevisiae S288C	Eukarya	P13099	DNA topoisomerase 3	TOP3	656	/storage/kiran-stuff/Vocabulary-Proteins/ancient-discrimination/scripts/../data/sequences/P13099.fasta	RNA	UUUUUUUUUU	poly-U 10mer
PF01131_sce_P13099_DNA	PF01131	Topoisom_bac	DNA	dna_topology	1	sce	Saccharomyces cerevisiae S288C	Eukarya	P13099	DNA topoisomerase 3	TOP3	656	/storage/kiran-stuff/Vocabulary-Proteins/ancient-discrimination/scripts/../data/sequences/P13099.fasta	DNA	TTTTTTTTTT	poly-dT 10mer
PF01131_hsa_Q13472_RNA	PF01131	Topoisom_bac	DNA	dna_topology	1	hsa	Homo sapiens	Eukarya	Q13472	DNA topoisomerase 3-alpha	TOP3A	1001	/storage/kiran-stuff/Vocabulary-Proteins/ancient-discrimination/scripts/../data/sequences/Q13472.fasta	RNA	UUUUUUUUUU	poly-U 10mer
PF01131_hsa_Q13472_DNA	PF01131	Topoisom_bac	DNA	dna_topology	1	hsa	Homo sapiens	Eukarya	Q13472	DNA topoisomerase 3-alpha	TOP3A	1001	/storage/kiran-stuff/Vocabulary-Proteins/ancient-discrimination/scripts/../data/sequences/Q13472.fasta	DNA	TTTTTTTTTT	poly-dT 10mer
PF01131_ath_Q9LVP1_RNA	PF01131	Topoisom_bac	DNA	dna_topology	1	ath	Arabidopsis thaliana	Eukarya	Q9LVP1	DNA topoisomerase 3-alpha	TOP3A	926	/storage/kiran-stuff/Vocabulary-Proteins/ancient-discrimination/scripts/../data/sequences/Q9LVP1.fasta	RNA	UUUUUUUUUU	poly-U 10mer
PF01131_ath_Q9LVP1_DNA	PF01131	Topoisom_bac	DNA	dna_topology	1	ath	Arabidopsis thaliana	Eukarya	Q9LVP1	DNA topoisomerase 3-alpha	TOP3A	926	/storage/kiran-stuff/Vocabulary-Proteins/ancient-discrimination/scripts/../data/sequences/Q9LVP1.fasta	DNA	TTTTTTTTTT	poly-dT 10mer
PF01472_eco_P0A7B5_RNA	PF01472	PUA	RNA	rna_binding_structural	2	eco	Escherichia coli K-12	Bacteria	P0A7B5	Glutamate 5-kinase	proB	367	/storage/kiran-stuff/Vocabulary-Proteins/ancient-discrimination/scripts/../data/sequences/P0A7B5.fasta	RNA	UUUUUUUUUU	poly-U 10mer
PF01472_eco_P0A7B5_DNA	PF01472	PUA	RNA	rna_binding_structural	2	eco	Escherichia coli K-12	Bacteria	P0A7B5	Glutamate 5-kinase	proB	367	/storage/kiran-stuff/Vocabulary-Proteins/ancient-discrimination/scripts/../data/sequences/P0A7B5.fasta	DNA	TTTTTTTTTT	poly-dT 10mer
PF01472_bsu_O07509_RNA	PF01472	PUA	RNA	rna_binding_structural	2	bsu	Bacillus subtilis 168	Bacteria	O07509	Glutamate 5-kinase 2	proJ	371	/storage/kiran-stuff/Vocabulary-Proteins/ancient-discrimination/scripts/../data/sequences/O07509.fasta	RNA	UUUUUUUUUU	poly-U 10mer
PF01472_bsu_O07509_DNA	PF01472	PUA	RNA	rna_binding_structural	2	bsu	Bacillus subtilis 168	Bacteria	O07509	Glutamate 5-kinase 2	proJ	371	/storage/kiran-stuff/Vocabulary-Proteins/ancient-discrimination/scripts/../data/sequences/O07509.fasta	DNA	TTTTTTTTTT	poly-dT 10mer
PF01472_tth_Q5SH03_RNA	PF01472	PUA	RNA	rna_binding_structural	2	tth	Thermus thermophilus	Bacteria	Q5SH03	Glutamate 5-kinase	proB	370	/storage/kiran-stuff/Vocabulary-Proteins/ancient-discrimination/scripts/../data/sequences/Q5SH03.fasta	RNA	UUUUUUUUUU	poly-U 10mer
PF01472_tth_Q5SH03_DNA	PF01472	PUA	RNA	rna_binding_structural	2	tth	Thermus thermophilus	Bacteria	Q5SH03	Glutamate 5-kinase	proB	370	/storage/kiran-stuff/Vocabulary-Proteins/ancient-discrimination/scripts/../data/sequences/Q5SH03.fasta	DNA	TTTTTTTTTT	poly-dT 10mer
PF01472_mja_Q57612_RNA	PF01472	PUA	RNA	rna_binding_structural	2	mja	Methanocaldococcus jannaschii DSM 2661	Archaea	Q57612	Probable tRNA pseudouridine synthase B	truB	336	/storage/kiran-stuff/Vocabulary-Proteins/ancient-discrimination/scripts/../data/sequences/Q57612.fasta	RNA	UUUUUUUUUU	poly-U 10mer
PF01472_mja_Q57612_DNA	PF01472	PUA	RNA	rna_binding_structural	2	mja	Methanocaldococcus jannaschii DSM 2661	Archaea	Q57612	Probable tRNA pseudouridine synthase B	truB	336	/storage/kiran-stuff/Vocabulary-Proteins/ancient-discrimination/scripts/../data/sequences/Q57612.fasta	DNA	TTTTTTTTTT	poly-dT 10mer
PF01472_hvo_D4GTN6_RNA	PF01472	PUA	RNA	rna_binding_structural	2	hvo	Haloferax volcanii	Archaea	D4GTN6	Archaeosine synthase	arcS	585	/storage/kiran-stuff/Vocabulary-Proteins/ancient-discrimination/scripts/../data/sequences/D4GTN6.fasta	RNA	UUUUUUUUUU	poly-U 10mer
PF01472_hvo_D4GTN6_DNA	PF01472	PUA	RNA	rna_binding_structural	2	hvo	Haloferax volcanii	Archaea	D4GTN6	Archaeosine synthase	arcS	585	/storage/kiran-stuff/Vocabulary-Proteins/ancient-discrimination/scripts/../data/sequences/D4GTN6.fasta	DNA	TTTTTTTTTT	poly-dT 10mer
PF01472_sso_Q980C3_RNA	PF01472	PUA	RNA	rna_binding_structural	2	sso	Sulfolobus solfataricus P2	Archaea	Q980C3	Probable tRNA pseudouridine synthase B	truB	251	/storage/kiran-stuff/Vocabulary-Proteins/ancient-discrimination/scripts/../data/sequences/Q980C3.fasta	RNA	UUUUUUUUUU	poly-U 10mer
PF01472_sso_Q980C3_DNA	PF01472	PUA	RNA	rna_binding_structural	2	sso	Sulfolobus solfataricus P2	Archaea	Q980C3	Probable tRNA pseudouridine synthase B	truB	251	/storage/kiran-stuff/Vocabulary-Proteins/ancient-discrimination/scripts/../data/sequences/Q980C3.fasta	DNA	TTTTTTTTTT	poly-dT 10mer
PF01472_sce_P33322_RNA	PF01472	PUA	RNA	rna_binding_structural	2	sce	Saccharomyces cerevisiae S288C	Eukarya	P33322	H/ACA ribonucleoprotein complex subunit CBF5	CBF5	483	/storage/kiran-stuff/Vocabulary-Proteins/ancient-discrimination/scripts/../data/sequences/P33322.fasta	RNA	UUUUUUUUUU	poly-U 10mer
PF01472_sce_P33322_DNA	PF01472	PUA	RNA	rna_binding_structural	2	sce	Saccharomyces cerevisiae S288C	Eukarya	P33322	H/ACA ribonucleoprotein complex subunit CBF5	CBF5	483	/storage/kiran-stuff/Vocabulary-Proteins/ancient-discrimination/scripts/../data/sequences/P33322.fasta	DNA	TTTTTTTTTT	poly-dT 10mer
PF01472_hsa_Q9ULC4_RNA	PF01472	PUA	RNA	rna_binding_structural	2	hsa	Homo sapiens	Eukarya	Q9ULC4	Malignant T-cell-amplified sequence 1	MCTS1	181	/storage/kiran-stuff/Vocabulary-Proteins/ancient-discrimination/scripts/../data/sequences/Q9ULC4.fasta	RNA	UUUUUUUUUU	poly-U 10mer
PF01472_hsa_Q9ULC4_DNA	PF01472	PUA	RNA	rna_binding_structural	2	hsa	Homo sapiens	Eukarya	Q9ULC4	Malignant T-cell-amplified sequence 1	MCTS1	181	/storage/kiran-stuff/Vocabulary-Proteins/ancient-discrimination/scripts/../data/sequences/Q9ULC4.fasta	DNA	TTTTTTTTTT	poly-dT 10mer
PF01472_ath_Q9LD90_RNA	PF01472	PUA	RNA	rna_binding_structural	2	ath	Arabidopsis thaliana	Eukarya	Q9LD90	H/ACA ribonucleoprotein complex subunit 4	CBF5	565	/storage/kiran-stuff/Vocabulary-Proteins/ancient-discrimination/scripts/../data/sequences/Q9LD90.fasta	RNA	UUUUUUUUUU	poly-U 10mer
PF01472_ath_Q9LD90_DNA	PF01472	PUA	RNA	rna_binding_structural	2	ath	Arabidopsis thaliana	Eukarya	Q9LD90	H/ACA ribonucleoprotein complex subunit 4	CBF5	565	/storage/kiran-stuff/Vocabulary-Proteins/ancient-discrimination/scripts/../data/sequences/Q9LD90.fasta	DNA	TTTTTTTTTT	poly-dT 10mer
PF01509_eco_P60340_RNA	PF01509	TruB_N	RNA	rna_modification	2	eco	Escherichia coli K-12	Bacteria	P60340	tRNA pseudouridine synthase B	truB	314	/storage/kiran-stuff/Vocabulary-Proteins/ancient-discrimination/scripts/../data/sequences/P60340.fasta	RNA	UUUUUUUUUU	poly-U 10mer
PF01509_eco_P60340_DNA	PF01509	TruB_N	RNA	rna_modification	2	eco	Escherichia coli K-12	Bacteria	P60340	tRNA pseudouridine synthase B	truB	314	/storage/kiran-stuff/Vocabulary-Proteins/ancient-discrimination/scripts/../data/sequences/P60340.fasta	DNA	TTTTTTTTTT	poly-dT 10mer
PF01509_bsu_P32732_RNA	PF01509	TruB_N	RNA	rna_modification	2	bsu	Bacillus subtilis 168	Bacteria	P32732	tRNA pseudouridine synthase B	truB	309	/storage/kiran-stuff/Vocabulary-Proteins/ancient-discrimination/scripts/../data/sequences/P32732.fasta	RNA	UUUUUUUUUU	poly-U 10mer
PF01509_bsu_P32732_DNA	PF01509	TruB_N	RNA	rna_modification	2	bsu	Bacillus subtilis 168	Bacteria	P32732	tRNA pseudouridine synthase B	truB	309	/storage/kiran-stuff/Vocabulary-Proteins/ancient-discrimination/scripts/../data/sequences/P32732.fasta	DNA	TTTTTTTTTT	poly-dT 10mer
PF01509_tth_Q5SLS6_RNA	PF01509	TruB_N	RNA	rna_modification	2	tth	Thermus thermophilus	Bacteria	Q5SLS6	tRNA pseudouridine synthase B	truB	312	/storage/kiran-stuff/Vocabulary-Proteins/ancient-discrimination/scripts/../data/sequences/Q5SLS6.fasta	RNA	UUUUUUUUUU	poly-U 10mer
PF01509_tth_Q5SLS6_DNA	PF01509	TruB_N	RNA	rna_modification	2	tth	Thermus thermophilus	Bacteria	Q5SLS6	tRNA pseudouridine synthase B	truB	312	/storage/kiran-stuff/Vocabulary-Proteins/ancient-discrimination/scripts/../data/sequences/Q5SLS6.fasta	DNA	TTTTTTTTTT	poly-dT 10mer
PF01509_mja_Q57612_RNA	PF01509	TruB_N	RNA	rna_modification	2	mja	Methanocaldococcus jannaschii DSM 2661	Archaea	Q57612	Probable tRNA pseudouridine synthase B	truB	336	/storage/kiran-stuff/Vocabulary-Proteins/ancient-discrimination/scripts/../data/sequences/Q57612.fasta	RNA	UUUUUUUUUU	poly-U 10mer
PF01509_mja_Q57612_DNA	PF01509	TruB_N	RNA	rna_modification	2	mja	Methanocaldococcus jannaschii DSM 2661	Archaea	Q57612	Probable tRNA pseudouridine synthase B	truB	336	/storage/kiran-stuff/Vocabulary-Proteins/ancient-discrimination/scripts/../data/sequences/Q57612.fasta	DNA	TTTTTTTTTT	poly-dT 10mer
PF01509_sso_Q980C3_RNA	PF01509	TruB_N	RNA	rna_modification	2	sso	Sulfolobus solfataricus P2	Archaea	Q980C3	Probable tRNA pseudouridine synthase B	truB	251	/storage/kiran-stuff/Vocabulary-Proteins/ancient-discrimination/scripts/../data/sequences/Q980C3.fasta	RNA	UUUUUUUUUU	poly-U 10mer
PF01509_sso_Q980C3_DNA	PF01509	TruB_N	RNA	rna_modification	2	sso	Sulfolobus solfataricus P2	Archaea	Q980C3	Probable tRNA pseudouridine synthase B	truB	251	/storage/kiran-stuff/Vocabulary-Proteins/ancient-discrimination/scripts/../data/sequences/Q980C3.fasta	DNA	TTTTTTTTTT	poly-dT 10mer
PF01509_sce_P33322_RNA	PF01509	TruB_N	RNA	rna_modification	2	sce	Saccharomyces cerevisiae S288C	Eukarya	P33322	H/ACA ribonucleoprotein complex subunit CBF5	CBF5	483	/storage/kiran-stuff/Vocabulary-Proteins/ancient-discrimination/scripts/../data/sequences/P33322.fasta	RNA	UUUUUUUUUU	poly-U 10mer
PF01509_sce_P33322_DNA	PF01509	TruB_N	RNA	rna_modification	2	sce	Saccharomyces cerevisiae S288C	Eukarya	P33322	H/ACA ribonucleoprotein complex subunit CBF5	CBF5	483	/storage/kiran-stuff/Vocabulary-Proteins/ancient-discrimination/scripts/../data/sequences/P33322.fasta	DNA	TTTTTTTTTT	poly-dT 10mer
PF01509_hsa_O60832_RNA	PF01509	TruB_N	RNA	rna_modification	2	hsa	Homo sapiens	Eukarya	O60832	H/ACA ribonucleoprotein complex subunit DKC1	DKC1	514	/storage/kiran-stuff/Vocabulary-Proteins/ancient-discrimination/scripts/../data/sequences/O60832.fasta	RNA	UUUUUUUUUU	poly-U 10mer
PF01509_hsa_O60832_DNA	PF01509	TruB_N	RNA	rna_modification	2	hsa	Homo sapiens	Eukarya	O60832	H/ACA ribonucleoprotein complex subunit DKC1	DKC1	514	/storage/kiran-stuff/Vocabulary-Proteins/ancient-discrimination/scripts/../data/sequences/O60832.fasta	DNA	TTTTTTTTTT	poly-dT 10mer
PF01509_ath_Q9LD90_RNA	PF01509	TruB_N	RNA	rna_modification	2	ath	Arabidopsis thaliana	Eukarya	Q9LD90	H/ACA ribonucleoprotein complex subunit 4	CBF5	565	/storage/kiran-stuff/Vocabulary-Proteins/ancient-discrimination/scripts/../data/sequences/Q9LD90.fasta	RNA	UUUUUUUUUU	poly-U 10mer
PF01509_ath_Q9LD90_DNA	PF01509	TruB_N	RNA	rna_modification	2	ath	Arabidopsis thaliana	Eukarya	Q9LD90	H/ACA ribonucleoprotein complex subunit 4	CBF5	565	/storage/kiran-stuff/Vocabulary-Proteins/ancient-discrimination/scripts/../data/sequences/Q9LD90.fasta	DNA	TTTTTTTTTT	poly-dT 10mer
PF00448_eco_P10121_RNA	PF00448	SRP54	RNA	translation	2	eco	Escherichia coli K-12	Bacteria	P10121	Signal recognition particle receptor FtsY	ftsY	497	/storage/kiran-stuff/Vocabulary-Proteins/ancient-discrimination/scripts/../data/sequences/P10121.fasta	RNA	UUUUUUUUUU	poly-U 10mer
PF00448_eco_P10121_DNA	PF00448	SRP54	RNA	translation	2	eco	Escherichia coli K-12	Bacteria	P10121	Signal recognition particle receptor FtsY	ftsY	497	/storage/kiran-stuff/Vocabulary-Proteins/ancient-discrimination/scripts/../data/sequences/P10121.fasta	DNA	TTTTTTTTTT	poly-dT 10mer
PF00448_bsu_P37105_RNA	PF00448	SRP54	RNA	translation	2	bsu	Bacillus subtilis 168	Bacteria	P37105	Signal recognition particle protein	ffh	446	/storage/kiran-stuff/Vocabulary-Proteins/ancient-discrimination/scripts/../data/sequences/P37105.fasta	RNA	UUUUUUUUUU	poly-U 10mer
PF00448_bsu_P37105_DNA	PF00448	SRP54	RNA	translation	2	bsu	Bacillus subtilis 168	Bacteria	P37105	Signal recognition particle protein	ffh	446	/storage/kiran-stuff/Vocabulary-Proteins/ancient-discrimination/scripts/../data/sequences/P37105.fasta	DNA	TTTTTTTTTT	poly-dT 10mer
PF00448_mja_Q57565_RNA	PF00448	SRP54	RNA	translation	2	mja	Methanocaldococcus jannaschii DSM 2661	Archaea	Q57565	Signal recognition particle 54 kDa protein	srp54	451	/storage/kiran-stuff/Vocabulary-Proteins/ancient-discrimination/scripts/../data/sequences/Q57565.fasta	RNA	UUUUUUUUUU	poly-U 10mer
PF00448_mja_Q57565_DNA	PF00448	SRP54	RNA	translation	2	mja	Methanocaldococcus jannaschii DSM 2661	Archaea	Q57565	Signal recognition particle 54 kDa protein	srp54	451	/storage/kiran-stuff/Vocabulary-Proteins/ancient-discrimination/scripts/../data/sequences/Q57565.fasta	DNA	TTTTTTTTTT	poly-dT 10mer
PF00448_hvo_Q977V2_RNA	PF00448	SRP54	RNA	translation	2	hvo	Haloferax volcanii	Archaea	Q977V2	Signal recognition particle 54 kDa protein	srp54	465	/storage/kiran-stuff/Vocabulary-Proteins/ancient-discrimination/scripts/../data/sequences/Q977V2.fasta	RNA	UUUUUUUUUU	poly-U 10mer
PF00448_hvo_Q977V2_DNA	PF00448	SRP54	RNA	translation	2	hvo	Haloferax volcanii	Archaea	Q977V2	Signal recognition particle 54 kDa protein	srp54	465	/storage/kiran-stuff/Vocabulary-Proteins/ancient-discrimination/scripts/../data/sequences/Q977V2.fasta	DNA	TTTTTTTTTT	poly-dT 10mer
PF00448_sso_Q97ZE7_RNA	PF00448	SRP54	RNA	translation	2	sso	Sulfolobus solfataricus P2	Archaea	Q97ZE7	Signal recognition particle 54 kDa protein	srp54	447	/storage/kiran-stuff/Vocabulary-Proteins/ancient-discrimination/scripts/../data/sequences/Q97ZE7.fasta	RNA	UUUUUUUUUU	poly-U 10mer
PF00448_sso_Q97ZE7_DNA	PF00448	SRP54	RNA	translation	2	sso	Sulfolobus solfataricus P2	Archaea	Q97ZE7	Signal recognition particle 54 kDa protein	srp54	447	/storage/kiran-stuff/Vocabulary-Proteins/ancient-discrimination/scripts/../data/sequences/Q97ZE7.fasta	DNA	TTTTTTTTTT	poly-dT 10mer
PF00448_sce_P32916_RNA	PF00448	SRP54	RNA	translation	2	sce	Saccharomyces cerevisiae S288C	Eukarya	P32916	Signal recognition particle receptor subunit alpha homolog	SRP101	621	/storage/kiran-stuff/Vocabulary-Proteins/ancient-discrimination/scripts/../data/sequences/P32916.fasta	RNA	UUUUUUUUUU	poly-U 10mer
PF00448_sce_P32916_DNA	PF00448	SRP54	RNA	translation	2	sce	Saccharomyces cerevisiae S288C	Eukarya	P32916	Signal recognition particle receptor subunit alpha homolog	SRP101	621	/storage/kiran-stuff/Vocabulary-Proteins/ancient-discrimination/scripts/../data/sequences/P32916.fasta	DNA	TTTTTTTTTT	poly-dT 10mer
PF00448_hsa_P61011_RNA	PF00448	SRP54	RNA	translation	2	hsa	Homo sapiens	Eukarya	P61011	Signal recognition particle subunit SRP54	SRP54	504	/storage/kiran-stuff/Vocabulary-Proteins/ancient-discrimination/scripts/../data/sequences/P61011.fasta	RNA	UUUUUUUUUU	poly-U 10mer
PF00448_hsa_P61011_DNA	PF00448	SRP54	RNA	translation	2	hsa	Homo sapiens	Eukarya	P61011	Signal recognition particle subunit SRP54	SRP54	504	/storage/kiran-stuff/Vocabulary-Proteins/ancient-discrimination/scripts/../data/sequences/P61011.fasta	DNA	TTTTTTTTTT	poly-dT 10mer
PF00448_ath_O80842_RNA	PF00448	SRP54	RNA	translation	2	ath	Arabidopsis thaliana	Eukarya	O80842	Cell division protein FtsY homolog, chloroplastic	CPFTSY	366	/storage/kiran-stuff/Vocabulary-Proteins/ancient-discrimination/scripts/../data/sequences/O80842.fasta	RNA	UUUUUUUUUU	poly-U 10mer
PF00448_ath_O80842_DNA	PF00448	SRP54	RNA	translation	2	ath	Arabidopsis thaliana	Eukarya	O80842	Cell division protein FtsY homolog, chloroplastic	CPFTSY	366	/storage/kiran-stuff/Vocabulary-Proteins/ancient-discrimination/scripts/../data/sequences/O80842.fasta	DNA	TTTTTTTTTT	poly-dT 10mer
PF00588_eco_P0AGJ7_RNA	PF00588	SpoU_methylase	RNA	rna_modification	2	eco	Escherichia coli K-12	Bacteria	P0AGJ7	tRNA (cytidine(34)-2'-O)-methyltransferase	trmL	157	/storage/kiran-stuff/Vocabulary-Proteins/ancient-discrimination/scripts/../data/sequences/P0AGJ7.fasta	RNA	UUUUUUUUUU	poly-U 10mer
PF00588_eco_P0AGJ7_DNA	PF00588	SpoU_methylase	RNA	rna_modification	2	eco	Escherichia coli K-12	Bacteria	P0AGJ7	tRNA (cytidine(34)-2'-O)-methyltransferase	trmL	157	/storage/kiran-stuff/Vocabulary-Proteins/ancient-discrimination/scripts/../data/sequences/P0AGJ7.fasta	DNA	TTTTTTTTTT	poly-dT 10mer
PF00588_bsu_P94538_RNA	PF00588	SpoU_methylase	RNA	rna_modification	2	bsu	Bacillus subtilis 168	Bacteria	P94538	23S rRNA (guanosine(2553)-2'-O)-methyltransferase RlmP	rlmP	248	/storage/kiran-stuff/Vocabulary-Proteins/ancient-discrimination/scripts/../data/sequences/P94538.fasta	RNA	UUUUUUUUUU	poly-U 10mer
PF00588_bsu_P94538_DNA	PF00588	SpoU_methylase	RNA	rna_modification	2	bsu	Bacillus subtilis 168	Bacteria	P94538	23S rRNA (guanosine(2553)-2'-O)-methyltransferase RlmP	rlmP	248	/storage/kiran-stuff/Vocabulary-Proteins/ancient-discrimination/scripts/../data/sequences/P94538.fasta	DNA	TTTTTTTTTT	poly-dT 10mer
PF00588_tth_Q5SM16_RNA	PF00588	SpoU_methylase	RNA	rna_modification	2	tth	Thermus thermophilus	Bacteria	Q5SM16	tRNA (guanosine(18)-2'-O)-methyltransferase	trmH	194	/storage/kiran-stuff/Vocabulary-Proteins/ancient-discrimination/scripts/../data/sequences/Q5SM16.fasta	RNA	UUUUUUUUUU	poly-U 10mer
PF00588_tth_Q5SM16_DNA	PF00588	SpoU_methylase	RNA	rna_modification	2	tth	Thermus thermophilus	Bacteria	Q5SM16	tRNA (guanosine(18)-2'-O)-methyltransferase	trmH	194	/storage/kiran-stuff/Vocabulary-Proteins/ancient-discrimination/scripts/../data/sequences/Q5SM16.fasta	DNA	TTTTTTTTTT	poly-dT 10mer
PF00588_mja_Q58871_RNA	PF00588	SpoU_methylase	RNA	rna_modification	2	mja	Methanocaldococcus jannaschii DSM 2661	Archaea	Q58871	tRNA (cytidine-2'-O-)-methyltransferase TrmJ	trmJ	230	/storage/kiran-stuff/Vocabulary-Proteins/ancient-discrimination/scripts/../data/sequences/Q58871.fasta	RNA	UUUUUUUUUU	poly-U 10mer
PF00588_mja_Q58871_DNA	PF00588	SpoU_methylase	RNA	rna_modification	2	mja	Methanocaldococcus jannaschii DSM 2661	Archaea	Q58871	tRNA (cytidine-2'-O-)-methyltransferase TrmJ	trmJ	230	/storage/kiran-stuff/Vocabulary-Proteins/ancient-discrimination/scripts/../data/sequences/Q58871.fasta	DNA	TTTTTTTTTT	poly-dT 10mer
PF00588_sce_Q07527_RNA	PF00588	SpoU_methylase	RNA	rna_modification	2	sce	Saccharomyces cerevisiae S288C	Eukarya	Q07527	tRNA (guanosine(18)-2'-O)-methyltransferase	TRM3	1436	/storage/kiran-stuff/Vocabulary-Proteins/ancient-discrimination/scripts/../data/sequences/Q07527.fasta	RNA	UUUUUUUUUU	poly-U 10mer
PF00588_sce_Q07527_DNA	PF00588	SpoU_methylase	RNA	rna_modification	2	sce	Saccharomyces cerevisiae S288C	Eukarya	Q07527	tRNA (guanosine(18)-2'-O)-methyltransferase	TRM3	1436	/storage/kiran-stuff/Vocabulary-Proteins/ancient-discrimination/scripts/../data/sequences/Q07527.fasta	DNA	TTTTTTTTTT	poly-dT 10mer
PF00588_hsa_Q13395_RNA	PF00588	SpoU_methylase	RNA	rna_modification	2	hsa	Homo sapiens	Eukarya	Q13395	tRNA (guanosine(18)-2'-O)-methyltransferase TARBP1	TARBP1	1621	/storage/kiran-stuff/Vocabulary-Proteins/ancient-discrimination/scripts/../data/sequences/Q13395.fasta	RNA	UUUUUUUUUU	poly-U 10mer
PF00588_hsa_Q13395_DNA	PF00588	SpoU_methylase	RNA	rna_modification	2	hsa	Homo sapiens	Eukarya	Q13395	tRNA (guanosine(18)-2'-O)-methyltransferase TARBP1	TARBP1	1621	/storage/kiran-stuff/Vocabulary-Proteins/ancient-discrimination/scripts/../data/sequences/Q13395.fasta	DNA	TTTTTTTTTT	poly-dT 10mer
PF00580_eco_P09980_RNA	PF00580	UvrD-helicase	RNA	rna_processing	2	eco	Escherichia coli K-12	Bacteria	P09980	ATP-dependent DNA helicase Rep	rep	673	/storage/kiran-stuff/Vocabulary-Proteins/ancient-discrimination/scripts/../data/sequences/P09980.fasta	RNA	UUUUUUUUUU	poly-U 10mer
PF00580_eco_P09980_DNA	PF00580	UvrD-helicase	RNA	rna_processing	2	eco	Escherichia coli K-12	Bacteria	P09980	ATP-dependent DNA helicase Rep	rep	673	/storage/kiran-stuff/Vocabulary-Proteins/ancient-discrimination/scripts/../data/sequences/P09980.fasta	DNA	TTTTTTTTTT	poly-dT 10mer
PF00580_bsu_P23478_RNA	PF00580	UvrD-helicase	RNA	rna_processing	2	bsu	Bacillus subtilis 168	Bacteria	P23478	ATP-dependent helicase/nuclease subunit A	addA	1232	/storage/kiran-stuff/Vocabulary-Proteins/ancient-discrimination/scripts/../data/sequences/P23478.fasta	RNA	UUUUUUUUUU	poly-U 10mer
PF00580_bsu_P23478_DNA	PF00580	UvrD-helicase	RNA	rna_processing	2	bsu	Bacillus subtilis 168	Bacteria	P23478	ATP-dependent helicase/nuclease subunit A	addA	1232	/storage/kiran-stuff/Vocabulary-Proteins/ancient-discrimination/scripts/../data/sequences/P23478.fasta	DNA	TTTTTTTTTT	poly-dT 10mer
PF00580_sce_P12954_RNA	PF00580	UvrD-helicase	RNA	rna_processing	2	sce	Saccharomyces cerevisiae S288C	Eukarya	P12954	ATP-dependent DNA helicase SRS2	SRS2	1174	/storage/kiran-stuff/Vocabulary-Proteins/ancient-discrimination/scripts/../data/sequences/P12954.fasta	RNA	UUUUUUUUUU	poly-U 10mer
PF00580_sce_P12954_DNA	PF00580	UvrD-helicase	RNA	rna_processing	2	sce	Saccharomyces cerevisiae S288C	Eukarya	P12954	ATP-dependent DNA helicase SRS2	SRS2	1174	/storage/kiran-stuff/Vocabulary-Proteins/ancient-discrimination/scripts/../data/sequences/P12954.fasta	DNA	TTTTTTTTTT	poly-dT 10mer
PF00580_hsa_Q8NFZ0_RNA	PF00580	UvrD-helicase	RNA	rna_processing	2	hsa	Homo sapiens	Eukarya	Q8NFZ0	F-box DNA helicase 1	FBH1	1043	/storage/kiran-stuff/Vocabulary-Proteins/ancient-discrimination/scripts/../data/sequences/Q8NFZ0.fasta	RNA	UUUUUUUUUU	poly-U 10mer
PF00580_hsa_Q8NFZ0_DNA	PF00580	UvrD-helicase	RNA	rna_processing	2	hsa	Homo sapiens	Eukarya	Q8NFZ0	F-box DNA helicase 1	FBH1	1043	/storage/kiran-stuff/Vocabulary-Proteins/ancient-discrimination/scripts/../data/sequences/Q8NFZ0.fasta	DNA	TTTTTTTTTT	poly-dT 10mer
PF00580_ath_D1KF50_RNA	PF00580	UvrD-helicase	RNA	rna_processing	2	ath	Arabidopsis thaliana	Eukarya	D1KF50	ATP-dependent DNA helicase SRS2-like protein At4g25120	SRS2	1147	/storage/kiran-stuff/Vocabulary-Proteins/ancient-discrimination/scripts/../data/sequences/D1KF50.fasta	RNA	UUUUUUUUUU	poly-U 10mer
PF00580_ath_D1KF50_DNA	PF00580	UvrD-helicase	RNA	rna_processing	2	ath	Arabidopsis thaliana	Eukarya	D1KF50	ATP-dependent DNA helicase SRS2-like protein At4g25120	SRS2	1147	/storage/kiran-stuff/Vocabulary-Proteins/ancient-discrimination/scripts/../data/sequences/D1KF50.fasta	DNA	TTTTTTTTTT	poly-dT 10mer
PF00589_eco_P0A8P6_RNA	PF00589	Phage_integrase	DNA	dna_repair	2	eco	Escherichia coli K-12	Bacteria	P0A8P6	Tyrosine recombinase XerC	xerC	298	/storage/kiran-stuff/Vocabulary-Proteins/ancient-discrimination/scripts/../data/sequences/P0A8P6.fasta	RNA	UUUUUUUUUU	poly-U 10mer
PF00589_eco_P0A8P6_DNA	PF00589	Phage_integrase	DNA	dna_repair	2	eco	Escherichia coli K-12	Bacteria	P0A8P6	Tyrosine recombinase XerC	xerC	298	/storage/kiran-stuff/Vocabulary-Proteins/ancient-discrimination/scripts/../data/sequences/P0A8P6.fasta	DNA	TTTTTTTTTT	poly-dT 10mer
PF00589_bsu_P46352_RNA	PF00589	Phage_integrase	DNA	dna_repair	2	bsu	Bacillus subtilis 168	Bacteria	P46352	Tyrosine recombinase XerD	xerD	296	/storage/kiran-stuff/Vocabulary-Proteins/ancient-discrimination/scripts/../data/sequences/P46352.fasta	RNA	UUUUUUUUUU	poly-U 10mer
PF00589_bsu_P46352_DNA	PF00589	Phage_integrase	DNA	dna_repair	2	bsu	Bacillus subtilis 168	Bacteria	P46352	Tyrosine recombinase XerD	xerD	296	/storage/kiran-stuff/Vocabulary-Proteins/ancient-discrimination/scripts/../data/sequences/P46352.fasta	DNA	TTTTTTTTTT	poly-dT 10mer
PF00589_mja_Q57813_RNA	PF00589	Phage_integrase	DNA	dna_repair	2	mja	Methanocaldococcus jannaschii DSM 2661	Archaea	Q57813	Probable integrase/recombinase protein MJ0367	MJ0367	330	/storage/kiran-stuff/Vocabulary-Proteins/ancient-discrimination/scripts/../data/sequences/Q57813.fasta	RNA	UUUUUUUUUU	poly-U 10mer
PF00589_mja_Q57813_DNA	PF00589	Phage_integrase	DNA	dna_repair	2	mja	Methanocaldococcus jannaschii DSM 2661	Archaea	Q57813	Probable integrase/recombinase protein MJ0367	MJ0367	330	/storage/kiran-stuff/Vocabulary-Proteins/ancient-discrimination/scripts/../data/sequences/Q57813.fasta	DNA	TTTTTTTTTT	poly-dT 10mer
PF00589_sso_Q980D9_RNA	PF00589	Phage_integrase	DNA	dna_repair	2	sso	Sulfolobus solfataricus P2	Archaea	Q980D9	Tyrosine recombinase XerA	xerA	291	/storage/kiran-stuff/Vocabulary-Proteins/ancient-discrimination/scripts/../data/sequences/Q980D9.fasta	RNA	UUUUUUUUUU	poly-U 10mer
PF00589_sso_Q980D9_DNA	PF00589	Phage_integrase	DNA	dna_repair	2	sso	Sulfolobus solfataricus P2	Archaea	Q980D9	Tyrosine recombinase XerA	xerA	291	/storage/kiran-stuff/Vocabulary-Proteins/ancient-discrimination/scripts/../data/sequences/Q980D9.fasta	DNA	TTTTTTTTTT	poly-dT 10mer
PF00136_eco_P21189_RNA	PF00136	DNA_pol_B	DNA	dna_replication	2	eco	Escherichia coli K-12	Bacteria	P21189	DNA polymerase II	polB	783	/storage/kiran-stuff/Vocabulary-Proteins/ancient-discrimination/scripts/../data/sequences/P21189.fasta	RNA	UUUUUUUUUU	poly-U 10mer
PF00136_eco_P21189_DNA	PF00136	DNA_pol_B	DNA	dna_replication	2	eco	Escherichia coli K-12	Bacteria	P21189	DNA polymerase II	polB	783	/storage/kiran-stuff/Vocabulary-Proteins/ancient-discrimination/scripts/../data/sequences/P21189.fasta	DNA	TTTTTTTTTT	poly-dT 10mer
PF00136_mja_Q58295_RNA	PF00136	DNA_pol_B	DNA	dna_replication	2	mja	Methanocaldococcus jannaschii DSM 2661	Archaea	Q58295	DNA polymerase	pol	1634	/storage/kiran-stuff/Vocabulary-Proteins/ancient-discrimination/scripts/../data/sequences/Q58295.fasta	RNA	UUUUUUUUUU	poly-U 10mer
PF00136_mja_Q58295_DNA	PF00136	DNA_pol_B	DNA	dna_replication	2	mja	Methanocaldococcus jannaschii DSM 2661	Archaea	Q58295	DNA polymerase	pol	1634	/storage/kiran-stuff/Vocabulary-Proteins/ancient-discrimination/scripts/../data/sequences/Q58295.fasta	DNA	TTTTTTTTTT	poly-dT 10mer
PF00136_sso_P26811_RNA	PF00136	DNA_pol_B	DNA	dna_replication	2	sso	Sulfolobus solfataricus P2	Archaea	P26811	DNA polymerase 1	dpo1	882	/storage/kiran-stuff/Vocabulary-Proteins/ancient-discrimination/scripts/../data/sequences/P26811.fasta	RNA	UUUUUUUUUU	poly-U 10mer
PF00136_sso_P26811_DNA	PF00136	DNA_pol_B	DNA	dna_replication	2	sso	Sulfolobus solfataricus P2	Archaea	P26811	DNA polymerase 1	dpo1	882	/storage/kiran-stuff/Vocabulary-Proteins/ancient-discrimination/scripts/../data/sequences/P26811.fasta	DNA	TTTTTTTTTT	poly-dT 10mer
PF00136_sce_P15436_RNA	PF00136	DNA_pol_B	DNA	dna_replication	2	sce	Saccharomyces cerevisiae S288C	Eukarya	P15436	DNA polymerase delta catalytic subunit	POL3	1097	/storage/kiran-stuff/Vocabulary-Proteins/ancient-discrimination/scripts/../data/sequences/P15436.fasta	RNA	UUUUUUUUUU	poly-U 10mer
PF00136_sce_P15436_DNA	PF00136	DNA_pol_B	DNA	dna_replication	2	sce	Saccharomyces cerevisiae S288C	Eukarya	P15436	DNA polymerase delta catalytic subunit	POL3	1097	/storage/kiran-stuff/Vocabulary-Proteins/ancient-discrimination/scripts/../data/sequences/P15436.fasta	DNA	TTTTTTTTTT	poly-dT 10mer
PF00136_hsa_P09884_RNA	PF00136	DNA_pol_B	DNA	dna_replication	2	hsa	Homo sapiens	Eukarya	P09884	DNA polymerase alpha catalytic subunit	POLA1	1462	/storage/kiran-stuff/Vocabulary-Proteins/ancient-discrimination/scripts/../data/sequences/P09884.fasta	RNA	UUUUUUUUUU	poly-U 10mer
PF00136_hsa_P09884_DNA	PF00136	DNA_pol_B	DNA	dna_replication	2	hsa	Homo sapiens	Eukarya	P09884	DNA polymerase alpha catalytic subunit	POLA1	1462	/storage/kiran-stuff/Vocabulary-Proteins/ancient-discrimination/scripts/../data/sequences/P09884.fasta	DNA	TTTTTTTTTT	poly-dT 10mer
PF00136_ath_Q766Z3_RNA	PF00136	DNA_pol_B	DNA	dna_replication	2	ath	Arabidopsis thaliana	Eukarya	Q766Z3	DNA polymerase zeta catalytic subunit	REV3	1890	/storage/kiran-stuff/Vocabulary-Proteins/ancient-discrimination/scripts/../data/sequences/Q766Z3.fasta	RNA	UUUUUUUUUU	poly-U 10mer
PF00136_ath_Q766Z3_DNA	PF00136	DNA_pol_B	DNA	dna_replication	2	ath	Arabidopsis thaliana	Eukarya	Q766Z3	DNA polymerase zeta catalytic subunit	REV3	1890	/storage/kiran-stuff/Vocabulary-Proteins/ancient-discrimination/scripts/../data/sequences/Q766Z3.fasta	DNA	TTTTTTTTTT	poly-dT 10mer
PF00633_eco_P0AB83_RNA	PF00633	HHH	DNA	dna_repair	3	eco	Escherichia coli K-12	Bacteria	P0AB83	Endonuclease III	nth	211	/storage/kiran-stuff/Vocabulary-Proteins/ancient-discrimination/scripts/../data/sequences/P0AB83.fasta	RNA	UUUUUUUUUU	poly-U 10mer
PF00633_eco_P0AB83_DNA	PF00633	HHH	DNA	dna_repair	3	eco	Escherichia coli K-12	Bacteria	P0AB83	Endonuclease III	nth	211	/storage/kiran-stuff/Vocabulary-Proteins/ancient-discrimination/scripts/../data/sequences/P0AB83.fasta	DNA	TTTTTTTTTT	poly-dT 10mer
PF00633_bsu_P39788_RNA	PF00633	HHH	DNA	dna_repair	3	bsu	Bacillus subtilis 168	Bacteria	P39788	Endonuclease III	nth	219	/storage/kiran-stuff/Vocabulary-Proteins/ancient-discrimination/scripts/../data/sequences/P39788.fasta	RNA	UUUUUUUUUU	poly-U 10mer
PF00633_bsu_P39788_DNA	PF00633	HHH	DNA	dna_repair	3	bsu	Bacillus subtilis 168	Bacteria	P39788	Endonuclease III	nth	219	/storage/kiran-stuff/Vocabulary-Proteins/ancient-discrimination/scripts/../data/sequences/P39788.fasta	DNA	TTTTTTTTTT	poly-dT 10mer
PF00633_mja_Q58030_RNA	PF00633	HHH	DNA	dna_repair	3	mja	Methanocaldococcus jannaschii DSM 2661	Archaea	Q58030	Endonuclease III	nth	344	/storage/kiran-stuff/Vocabulary-Proteins/ancient-discrimination/scripts/../data/sequences/Q58030.fasta	RNA	UUUUUUUUUU	poly-U 10mer
PF00633_mja_Q58030_DNA	PF00633	HHH	DNA	dna_repair	3	mja	Methanocaldococcus jannaschii DSM 2661	Archaea	Q58030	Endonuclease III	nth	344	/storage/kiran-stuff/Vocabulary-Proteins/ancient-discrimination/scripts/../data/sequences/Q58030.fasta	DNA	TTTTTTTTTT	poly-dT 10mer
PF00633_sce_P31378_RNA	PF00633	HHH	DNA	dna_repair	3	sce	Saccharomyces cerevisiae S288C	Eukarya	P31378	Endonuclease III homolog 1	NTG1	399	/storage/kiran-stuff/Vocabulary-Proteins/ancient-discrimination/scripts/../data/sequences/P31378.fasta	RNA	UUUUUUUUUU	poly-U 10mer
PF00633_sce_P31378_DNA	PF00633	HHH	DNA	dna_repair	3	sce	Saccharomyces cerevisiae S288C	Eukarya	P31378	Endonuclease III homolog 1	NTG1	399	/storage/kiran-stuff/Vocabulary-Proteins/ancient-discrimination/scripts/../data/sequences/P31378.fasta	DNA	TTTTTTTTTT	poly-dT 10mer
PF00633_hsa_Q9UIF7_RNA	PF00633	HHH	DNA	dna_repair	3	hsa	Homo sapiens	Eukarya	Q9UIF7	Adenine DNA glycosylase	MUTYH	546	/storage/kiran-stuff/Vocabulary-Proteins/ancient-discrimination/scripts/../data/sequences/Q9UIF7.fasta	RNA	UUUUUUUUUU	poly-U 10mer
PF00633_hsa_Q9UIF7_DNA	PF00633	HHH	DNA	dna_repair	3	hsa	Homo sapiens	Eukarya	Q9UIF7	Adenine DNA glycosylase	MUTYH	546	/storage/kiran-stuff/Vocabulary-Proteins/ancient-discrimination/scripts/../data/sequences/Q9UIF7.fasta	DNA	TTTTTTTTTT	poly-dT 10mer
PF00633_ath_B9DFZ0_RNA	PF00633	HHH	DNA	dna_repair	3	ath	Arabidopsis thaliana	Eukarya	B9DFZ0	Endonuclease III homolog 2, chloroplastic	NTH2	386	/storage/kiran-stuff/Vocabulary-Proteins/ancient-discrimination/scripts/../data/sequences/B9DFZ0.fasta	RNA	UUUUUUUUUU	poly-U 10mer
PF00633_ath_B9DFZ0_DNA	PF00633	HHH	DNA	dna_repair	3	ath	Arabidopsis thaliana	Eukarya	B9DFZ0	Endonuclease III homolog 2, chloroplastic	NTH2	386	/storage/kiran-stuff/Vocabulary-Proteins/ancient-discrimination/scripts/../data/sequences/B9DFZ0.fasta	DNA	TTTTTTTTTT	poly-dT 10mer
PF00009_eco_P14081_RNA	PF00009	GTP_EFTU	RNA	translation	3	eco	Escherichia coli K-12	Bacteria	P14081	Selenocysteine-specific elongation factor	selB	614	/storage/kiran-stuff/Vocabulary-Proteins/ancient-discrimination/scripts/../data/sequences/P14081.fasta	RNA	UUUUUUUUUU	poly-U 10mer
PF00009_eco_P14081_DNA	PF00009	GTP_EFTU	RNA	translation	3	eco	Escherichia coli K-12	Bacteria	P14081	Selenocysteine-specific elongation factor	selB	614	/storage/kiran-stuff/Vocabulary-Proteins/ancient-discrimination/scripts/../data/sequences/P14081.fasta	DNA	TTTTTTTTTT	poly-dT 10mer
PF00009_bsu_P80868_RNA	PF00009	GTP_EFTU	RNA	translation	3	bsu	Bacillus subtilis 168	Bacteria	P80868	Elongation factor G	fusA	692	/storage/kiran-stuff/Vocabulary-Proteins/ancient-discrimination/scripts/../data/sequences/P80868.fasta	RNA	UUUUUUUUUU	poly-U 10mer
PF00009_bsu_P80868_DNA	PF00009	GTP_EFTU	RNA	translation	3	bsu	Bacillus subtilis 168	Bacteria	P80868	Elongation factor G	fusA	692	/storage/kiran-stuff/Vocabulary-Proteins/ancient-discrimination/scripts/../data/sequences/P80868.fasta	DNA	TTTTTTTTTT	poly-dT 10mer
PF00009_tth_Q5SHN6_RNA	PF00009	GTP_EFTU	RNA	translation	3	tth	Thermus thermophilus	Bacteria	Q5SHN6	Elongation factor Tu-A	tufA	406	/storage/kiran-stuff/Vocabulary-Proteins/ancient-discrimination/scripts/../data/sequences/Q5SHN6.fasta	RNA	UUUUUUUUUU	poly-U 10mer
PF00009_tth_Q5SHN6_DNA	PF00009	GTP_EFTU	RNA	translation	3	tth	Thermus thermophilus	Bacteria	Q5SHN6	Elongation factor Tu-A	tufA	406	/storage/kiran-stuff/Vocabulary-Proteins/ancient-discrimination/scripts/../data/sequences/Q5SHN6.fasta	DNA	TTTTTTTTTT	poly-dT 10mer
PF00009_mja_Q58657_RNA	PF00009	GTP_EFTU	RNA	translation	3	mja	Methanocaldococcus jannaschii DSM 2661	Archaea	Q58657	Translation initiation factor 2 subunit gamma	eif2g	411	/storage/kiran-stuff/Vocabulary-Proteins/ancient-discrimination/scripts/../data/sequences/Q58657.fasta	RNA	UUUUUUUUUU	poly-U 10mer
PF00009_mja_Q58657_DNA	PF00009	GTP_EFTU	RNA	translation	3	mja	Methanocaldococcus jannaschii DSM 2661	Archaea	Q58657	Translation initiation factor 2 subunit gamma	eif2g	411	/storage/kiran-stuff/Vocabulary-Proteins/ancient-discrimination/scripts/../data/sequences/Q58657.fasta	DNA	TTTTTTTTTT	poly-dT 10mer
PF00009_sso_Q980A5_RNA	PF00009	GTP_EFTU	RNA	translation	3	sso	Sulfolobus solfataricus P2	Archaea	Q980A5	Translation initiation factor 2 subunit gamma	eif2g	415	/storage/kiran-stuff/Vocabulary-Proteins/ancient-discrimination/scripts/../data/sequences/Q980A5.fasta	RNA	UUUUUUUUUU	poly-U 10mer
PF00009_sso_Q980A5_DNA	PF00009	GTP_EFTU	RNA	translation	3	sso	Sulfolobus solfataricus P2	Archaea	Q980A5	Translation initiation factor 2 subunit gamma	eif2g	415	/storage/kiran-stuff/Vocabulary-Proteins/ancient-discrimination/scripts/../data/sequences/Q980A5.fasta	DNA	TTTTTTTTTT	poly-dT 10mer
PF00009_sce_P32769_RNA	PF00009	GTP_EFTU	RNA	translation	3	sce	Saccharomyces cerevisiae S288C	Eukarya	P32769	Elongation factor 1 alpha-like protein	HBS1	611	/storage/kiran-stuff/Vocabulary-Proteins/ancient-discrimination/scripts/../data/sequences/P32769.fasta	RNA	UUUUUUUUUU	poly-U 10mer
PF00009_sce_P32769_DNA	PF00009	GTP_EFTU	RNA	translation	3	sce	Saccharomyces cerevisiae S288C	Eukarya	P32769	Elongation factor 1 alpha-like protein	HBS1	611	/storage/kiran-stuff/Vocabulary-Proteins/ancient-discrimination/scripts/../data/sequences/P32769.fasta	DNA	TTTTTTTTTT	poly-dT 10mer
PF00009_hsa_P15170_RNA	PF00009	GTP_EFTU	RNA	translation	3	hsa	Homo sapiens	Eukarya	P15170	Eukaryotic peptide chain release factor GTP-binding subunit ERF3A	GSPT1	499	/storage/kiran-stuff/Vocabulary-Proteins/ancient-discrimination/scripts/../data/sequences/P15170.fasta	RNA	UUUUUUUUUU	poly-U 10mer
PF00009_hsa_P15170_DNA	PF00009	GTP_EFTU	RNA	translation	3	hsa	Homo sapiens	Eukarya	P15170	Eukaryotic peptide chain release factor GTP-binding subunit ERF3A	GSPT1	499	/storage/kiran-stuff/Vocabulary-Proteins/ancient-discrimination/scripts/../data/sequences/P15170.fasta	DNA	TTTTTTTTTT	poly-dT 10mer
PF00009_ath_Q0WL56_RNA	PF00009	GTP_EFTU	RNA	translation	3	ath	Arabidopsis thaliana	Eukarya	Q0WL56	Elongation factor 1-alpha 3	A3	449	/storage/kiran-stuff/Vocabulary-Proteins/ancient-discrimination/scripts/../data/sequences/Q0WL56.fasta	RNA	UUUUUUUUUU	poly-U 10mer
PF00009_ath_Q0WL56_DNA	PF00009	GTP_EFTU	RNA	translation	3	ath	Arabidopsis thaliana	Eukarya	Q0WL56	Elongation factor 1-alpha 3	A3	449	/storage/kiran-stuff/Vocabulary-Proteins/ancient-discrimination/scripts/../data/sequences/Q0WL56.fasta	DNA	TTTTTTTTTT	poly-dT 10mer
PF00488_eco_P23909_RNA	PF00488	MutS_V	DNA	dna_repair	3	eco	Escherichia coli K-12	Bacteria	P23909	DNA mismatch repair protein MutS	mutS	853	/storage/kiran-stuff/Vocabulary-Proteins/ancient-discrimination/scripts/../data/sequences/P23909.fasta	RNA	UUUUUUUUUU	poly-U 10mer
PF00488_eco_P23909_DNA	PF00488	MutS_V	DNA	dna_repair	3	eco	Escherichia coli K-12	Bacteria	P23909	DNA mismatch repair protein MutS	mutS	853	/storage/kiran-stuff/Vocabulary-Proteins/ancient-discrimination/scripts/../data/sequences/P23909.fasta	DNA	TTTTTTTTTT	poly-dT 10mer
PF00488_bsu_P94545_RNA	PF00488	MutS_V	DNA	dna_repair	3	bsu	Bacillus subtilis 168	Bacteria	P94545	Putative endonuclease MutS2	mutSB	785	/storage/kiran-stuff/Vocabulary-Proteins/ancient-discrimination/scripts/../data/sequences/P94545.fasta	RNA	UUUUUUUUUU	poly-U 10mer
PF00488_bsu_P94545_DNA	PF00488	MutS_V	DNA	dna_repair	3	bsu	Bacillus subtilis 168	Bacteria	P94545	Putative endonuclease MutS2	mutSB	785	/storage/kiran-stuff/Vocabulary-Proteins/ancient-discrimination/scripts/../data/sequences/P94545.fasta	DNA	TTTTTTTTTT	poly-dT 10mer
PF00488_tth_Q5SHT5_RNA	PF00488	MutS_V	DNA	dna_repair	3	tth	Thermus thermophilus	Bacteria	Q5SHT5	Endonuclease MutS2	mutS2	744	/storage/kiran-stuff/Vocabulary-Proteins/ancient-discrimination/scripts/../data/sequences/Q5SHT5.fasta	RNA	UUUUUUUUUU	poly-U 10mer
PF00488_tth_Q5SHT5_DNA	PF00488	MutS_V	DNA	dna_repair	3	tth	Thermus thermophilus	Bacteria	Q5SHT5	Endonuclease MutS2	mutS2	744	/storage/kiran-stuff/Vocabulary-Proteins/ancient-discrimination/scripts/../data/sequences/Q5SHT5.fasta	DNA	TTTTTTTTTT	poly-dT 10mer
PF00488_sce_P25847_RNA	PF00488	MutS_V	DNA	dna_repair	3	sce	Saccharomyces cerevisiae S288C	Eukarya	P25847	DNA mismatch repair protein MSH2	MSH2	964	/storage/kiran-stuff/Vocabulary-Proteins/ancient-discrimination/scripts/../data/sequences/P25847.fasta	RNA	UUUUUUUUUU	poly-U 10mer
PF00488_sce_P25847_DNA	PF00488	MutS_V	DNA	dna_repair	3	sce	Saccharomyces cerevisiae S288C	Eukarya	P25847	DNA mismatch repair protein MSH2	MSH2	964	/storage/kiran-stuff/Vocabulary-Proteins/ancient-discrimination/scripts/../data/sequences/P25847.fasta	DNA	TTTTTTTTTT	poly-dT 10mer
PF00488_hsa_P43246_RNA	PF00488	MutS_V	DNA	dna_repair	3	hsa	Homo sapiens	Eukarya	P43246	DNA mismatch repair protein Msh2	MSH2	934	/storage/kiran-stuff/Vocabulary-Proteins/ancient-discrimination/scripts/../data/sequences/P43246.fasta	RNA	UUUUUUUUUU	poly-U 10mer
PF00488_hsa_P43246_DNA	PF00488	MutS_V	DNA	dna_repair	3	hsa	Homo sapiens	Eukarya	P43246	DNA mismatch repair protein Msh2	MSH2	934	/storage/kiran-stuff/Vocabulary-Proteins/ancient-discrimination/scripts/../data/sequences/P43246.fasta	DNA	TTTTTTTTTT	poly-dT 10mer
PF00488_ath_F4JP48_RNA	PF00488	MutS_V	DNA	dna_repair	3	ath	Arabidopsis thaliana	Eukarya	F4JP48	DNA mismatch repair protein MSH4	MSH4	792	/storage/kiran-stuff/Vocabulary-Proteins/ancient-discrimination/scripts/../data/sequences/F4JP48.fasta	RNA	UUUUUUUUUU	poly-U 10mer
PF00488_ath_F4JP48_DNA	PF00488	MutS_V	DNA	dna_repair	3	ath	Arabidopsis thaliana	Eukarya	F4JP48	DNA mismatch repair protein MSH4	MSH4	792	/storage/kiran-stuff/Vocabulary-Proteins/ancient-discrimination/scripts/../data/sequences/F4JP48.fasta	DNA	TTTTTTTTTT	poly-dT 10mer
PF00133_eco_P07813_RNA	PF00133	tRNA-synt_1	RNA	translation	3	eco	Escherichia coli K-12	Bacteria	P07813	Leucine--tRNA ligase	leuS	860	/storage/kiran-stuff/Vocabulary-Proteins/ancient-discrimination/scripts/../data/sequences/P07813.fasta	RNA	UUUUUUUUUU	poly-U 10mer
PF00133_eco_P07813_DNA	PF00133	tRNA-synt_1	RNA	translation	3	eco	Escherichia coli K-12	Bacteria	P07813	Leucine--tRNA ligase	leuS	860	/storage/kiran-stuff/Vocabulary-Proteins/ancient-discrimination/scripts/../data/sequences/P07813.fasta	DNA	TTTTTTTTTT	poly-dT 10mer
PF00133_bsu_Q05873_RNA	PF00133	tRNA-synt_1	RNA	translation	3	bsu	Bacillus subtilis 168	Bacteria	Q05873	Valine--tRNA ligase	valS	880	/storage/kiran-stuff/Vocabulary-Proteins/ancient-discrimination/scripts/../data/sequences/Q05873.fasta	RNA	UUUUUUUUUU	poly-U 10mer
PF00133_bsu_Q05873_DNA	PF00133	tRNA-synt_1	RNA	translation	3	bsu	Bacillus subtilis 168	Bacteria	Q05873	Valine--tRNA ligase	valS	880	/storage/kiran-stuff/Vocabulary-Proteins/ancient-discrimination/scripts/../data/sequences/Q05873.fasta	DNA	TTTTTTTTTT	poly-dT 10mer
PF00133_tth_P96142_RNA	PF00133	tRNA-synt_1	RNA	translation	3	tth	Thermus thermophilus	Bacteria	P96142	Valine--tRNA ligase	valS	862	/storage/kiran-stuff/Vocabulary-Proteins/ancient-discrimination/scripts/../data/sequences/P96142.fasta	RNA	UUUUUUUUUU	poly-U 10mer
PF00133_tth_P96142_DNA	PF00133	tRNA-synt_1	RNA	translation	3	tth	Thermus thermophilus	Bacteria	P96142	Valine--tRNA ligase	valS	862	/storage/kiran-stuff/Vocabulary-Proteins/ancient-discrimination/scripts/../data/sequences/P96142.fasta	DNA	TTTTTTTTTT	poly-dT 10mer
PF00133_mja_Q58357_RNA	PF00133	tRNA-synt_1	RNA	translation	3	mja	Methanocaldococcus jannaschii DSM 2661	Archaea	Q58357	Isoleucine--tRNA ligase	ileS	1039	/storage/kiran-stuff/Vocabulary-Proteins/ancient-discrimination/scripts/../data/sequences/Q58357.fasta	RNA	UUUUUUUUUU	poly-U 10mer
PF00133_mja_Q58357_DNA	PF00133	tRNA-synt_1	RNA	translation	3	mja	Methanocaldococcus jannaschii DSM 2661	Archaea	Q58357	Isoleucine--tRNA ligase	ileS	1039	/storage/kiran-stuff/Vocabulary-Proteins/ancient-discrimination/scripts/../data/sequences/Q58357.fasta	DNA	TTTTTTTTTT	poly-dT 10mer
PF00133_sso_Q97ZK9_RNA	PF00133	tRNA-synt_1	RNA	translation	3	sso	Sulfolobus solfataricus P2	Archaea	Q97ZK9	Valine--tRNA ligase	valS	842	/storage/kiran-stuff/Vocabulary-Proteins/ancient-discrimination/scripts/../data/sequences/Q97ZK9.fasta	RNA	UUUUUUUUUU	poly-U 10mer
PF00133_sso_Q97ZK9_DNA	PF00133	tRNA-synt_1	RNA	translation	3	sso	Sulfolobus solfataricus P2	Archaea	Q97ZK9	Valine--tRNA ligase	valS	842	/storage/kiran-stuff/Vocabulary-Proteins/ancient-discrimination/scripts/../data/sequences/Q97ZK9.fasta	DNA	TTTTTTTTTT	poly-dT 10mer
PF00133_sce_P09436_RNA	PF00133	tRNA-synt_1	RNA	translation	3	sce	Saccharomyces cerevisiae S288C	Eukarya	P09436	Isoleucine--tRNA ligase, cytoplasmic	ILS1	1072	/storage/kiran-stuff/Vocabulary-Proteins/ancient-discrimination/scripts/../data/sequences/P09436.fasta	RNA	UUUUUUUUUU	poly-U 10mer
PF00133_sce_P09436_DNA	PF00133	tRNA-synt_1	RNA	translation	3	sce	Saccharomyces cerevisiae S288C	Eukarya	P09436	Isoleucine--tRNA ligase, cytoplasmic	ILS1	1072	/storage/kiran-stuff/Vocabulary-Proteins/ancient-discrimination/scripts/../data/sequences/P09436.fasta	DNA	TTTTTTTTTT	poly-dT 10mer
PF00133_hsa_Q9P2J5_RNA	PF00133	tRNA-synt_1	RNA	translation	3	hsa	Homo sapiens	Eukarya	Q9P2J5	Leucine--tRNA ligase, cytoplasmic	LARS1	1176	/storage/kiran-stuff/Vocabulary-Proteins/ancient-discrimination/scripts/../data/sequences/Q9P2J5.fasta	RNA	UUUUUUUUUU	poly-U 10mer
PF00133_hsa_Q9P2J5_DNA	PF00133	tRNA-synt_1	RNA	translation	3	hsa	Homo sapiens	Eukarya	Q9P2J5	Leucine--tRNA ligase, cytoplasmic	LARS1	1176	/storage/kiran-stuff/Vocabulary-Proteins/ancient-discrimination/scripts/../data/sequences/Q9P2J5.fasta	DNA	TTTTTTTTTT	poly-dT 10mer
PF00133_ath_P93736_RNA	PF00133	tRNA-synt_1	RNA	translation	3	ath	Arabidopsis thaliana	Eukarya	P93736	Valine--tRNA ligase, mitochondrial 1	TWN2	1108	/storage/kiran-stuff/Vocabulary-Proteins/ancient-discrimination/scripts/../data/sequences/P93736.fasta	RNA	UUUUUUUUUU	poly-U 10mer
PF00133_ath_P93736_DNA	PF00133	tRNA-synt_1	RNA	translation	3	ath	Arabidopsis thaliana	Eukarya	P93736	Valine--tRNA ligase, mitochondrial 1	TWN2	1108	/storage/kiran-stuff/Vocabulary-Proteins/ancient-discrimination/scripts/../data/sequences/P93736.fasta	DNA	TTTTTTTTTT	poly-dT 10mer
PF00152_eco_P0A8N7_RNA	PF00152	tRNA-synt_2	RNA	translation	3	eco	Escherichia coli K-12	Bacteria	P0A8N7	Elongation factor P--(R)-beta-lysine ligase	epmA	325	/storage/kiran-stuff/Vocabulary-Proteins/ancient-discrimination/scripts/../data/sequences/P0A8N7.fasta	RNA	UUUUUUUUUU	poly-U 10mer
PF00152_eco_P0A8N7_DNA	PF00152	tRNA-synt_2	RNA	translation	3	eco	Escherichia coli K-12	Bacteria	P0A8N7	Elongation factor P--(R)-beta-lysine ligase	epmA	325	/storage/kiran-stuff/Vocabulary-Proteins/ancient-discrimination/scripts/../data/sequences/P0A8N7.fasta	DNA	TTTTTTTTTT	poly-dT 10mer
PF00152_bsu_P39772_RNA	PF00152	tRNA-synt_2	RNA	translation	3	bsu	Bacillus subtilis 168	Bacteria	P39772	Asparagine--tRNA ligase	asnS	430	/storage/kiran-stuff/Vocabulary-Proteins/ancient-discrimination/scripts/../data/sequences/P39772.fasta	RNA	UUUUUUUUUU	poly-U 10mer
PF00152_bsu_P39772_DNA	PF00152	tRNA-synt_2	RNA	translation	3	bsu	Bacillus subtilis 168	Bacteria	P39772	Asparagine--tRNA ligase	asnS	430	/storage/kiran-stuff/Vocabulary-Proteins/ancient-discrimination/scripts/../data/sequences/P39772.fasta	DNA	TTTTTTTTTT	poly-dT 10mer
PF00152_tth_Q5SIC2_RNA	PF00152	tRNA-synt_2	RNA	translation	3	tth	Thermus thermophilus	Bacteria	Q5SIC2	Aspartate--tRNA(Asp/Asn) ligase	aspS2	422	/storage/kiran-stuff/Vocabulary-Proteins/ancient-discrimination/scripts/../data/sequences/Q5SIC2.fasta	RNA	UUUUUUUUUU	poly-U 10mer
PF00152_tth_Q5SIC2_DNA	PF00152	tRNA-synt_2	RNA	translation	3	tth	Thermus thermophilus	Bacteria	Q5SIC2	Aspartate--tRNA(Asp/Asn) ligase	aspS2	422	/storage/kiran-stuff/Vocabulary-Proteins/ancient-discrimination/scripts/../data/sequences/Q5SIC2.fasta	DNA	TTTTTTTTTT	poly-dT 10mer
PF00152_mja_Q58950_RNA	PF00152	tRNA-synt_2	RNA	translation	3	mja	Methanocaldococcus jannaschii DSM 2661	Archaea	Q58950	Aspartate--tRNA(Asp/Asn) ligase	aspS	438	/storage/kiran-stuff/Vocabulary-Proteins/ancient-discrimination/scripts/../data/sequences/Q58950.fasta	RNA	UUUUUUUUUU	poly-U 10mer
PF00152_mja_Q58950_DNA	PF00152	tRNA-synt_2	RNA	translation	3	mja	Methanocaldococcus jannaschii DSM 2661	Archaea	Q58950	Aspartate--tRNA(Asp/Asn) ligase	aspS	438	/storage/kiran-stuff/Vocabulary-Proteins/ancient-discrimination/scripts/../data/sequences/Q58950.fasta	DNA	TTTTTTTTTT	poly-dT 10mer
PF00152_hvo_O24822_RNA	PF00152	tRNA-synt_2	RNA	translation	3	hvo	Haloferax volcanii	Archaea	O24822	Aspartate--tRNA(Asp/Asn) ligase	aspS	433	/storage/kiran-stuff/Vocabulary-Proteins/ancient-discrimination/scripts/../data/sequences/O24822.fasta	RNA	UUUUUUUUUU	poly-U 10mer
PF00152_hvo_O24822_DNA	PF00152	tRNA-synt_2	RNA	translation	3	hvo	Haloferax volcanii	Archaea	O24822	Aspartate--tRNA(Asp/Asn) ligase	aspS	433	/storage/kiran-stuff/Vocabulary-Proteins/ancient-discrimination/scripts/../data/sequences/O24822.fasta	DNA	TTTTTTTTTT	poly-dT 10mer
PF00152_sso_P95970_RNA	PF00152	tRNA-synt_2	RNA	translation	3	sso	Sulfolobus solfataricus P2	Archaea	P95970	Lysine--tRNA ligase	lysS	494	/storage/kiran-stuff/Vocabulary-Proteins/ancient-discrimination/scripts/../data/sequences/P95970.fasta	RNA	UUUUUUUUUU	poly-U 10mer
PF00152_sso_P95970_DNA	PF00152	tRNA-synt_2	RNA	translation	3	sso	Sulfolobus solfataricus P2	Archaea	P95970	Lysine--tRNA ligase	lysS	494	/storage/kiran-stuff/Vocabulary-Proteins/ancient-discrimination/scripts/../data/sequences/P95970.fasta	DNA	TTTTTTTTTT	poly-dT 10mer
PF00152_sce_P04802_RNA	PF00152	tRNA-synt_2	RNA	translation	3	sce	Saccharomyces cerevisiae S288C	Eukarya	P04802	Aspartate--tRNA ligase, cytoplasmic	DPS1	557	/storage/kiran-stuff/Vocabulary-Proteins/ancient-discrimination/scripts/../data/sequences/P04802.fasta	RNA	UUUUUUUUUU	poly-U 10mer
PF00152_sce_P04802_DNA	PF00152	tRNA-synt_2	RNA	translation	3	sce	Saccharomyces cerevisiae S288C	Eukarya	P04802	Aspartate--tRNA ligase, cytoplasmic	DPS1	557	/storage/kiran-stuff/Vocabulary-Proteins/ancient-discrimination/scripts/../data/sequences/P04802.fasta	DNA	TTTTTTTTTT	poly-dT 10mer
PF00152_hsa_Q6PI48_RNA	PF00152	tRNA-synt_2	RNA	translation	3	hsa	Homo sapiens	Eukarya	Q6PI48	Aspartate--tRNA ligase, mitochondrial	DARS2	645	/storage/kiran-stuff/Vocabulary-Proteins/ancient-discrimination/scripts/../data/sequences/Q6PI48.fasta	RNA	UUUUUUUUUU	poly-U 10mer
PF00152_hsa_Q6PI48_DNA	PF00152	tRNA-synt_2	RNA	translation	3	hsa	Homo sapiens	Eukarya	Q6PI48	Aspartate--tRNA ligase, mitochondrial	DARS2	645	/storage/kiran-stuff/Vocabulary-Proteins/ancient-discrimination/scripts/../data/sequences/Q6PI48.fasta	DNA	TTTTTTTTTT	poly-dT 10mer
PF00152_ath_Q9LJE2_RNA	PF00152	tRNA-synt_2	RNA	translation	3	ath	Arabidopsis thaliana	Eukarya	Q9LJE2	Lysine--tRNA ligase, chloroplastic/mitochondrial	OVA5	602	/storage/kiran-stuff/Vocabulary-Proteins/ancient-discrimination/scripts/../data/sequences/Q9LJE2.fasta	RNA	UUUUUUUUUU	poly-U 10mer
PF00152_ath_Q9LJE2_DNA	PF00152	tRNA-synt_2	RNA	translation	3	ath	Arabidopsis thaliana	Eukarya	Q9LJE2	Lysine--tRNA ligase, chloroplastic/mitochondrial	OVA5	602	/storage/kiran-stuff/Vocabulary-Proteins/ancient-discrimination/scripts/../data/sequences/Q9LJE2.fasta	DNA	TTTTTTTTTT	poly-dT 10mer
PF00347_eco_P0AG55_RNA	PF00347	Ribosomal_L6	RNA	translation	3	eco	Escherichia coli K-12	Bacteria	P0AG55	Large ribosomal subunit protein uL6	rplF	177	/storage/kiran-stuff/Vocabulary-Proteins/ancient-discrimination/scripts/../data/sequences/P0AG55.fasta	RNA	UUUUUUUUUU	poly-U 10mer
PF00347_eco_P0AG55_DNA	PF00347	Ribosomal_L6	RNA	translation	3	eco	Escherichia coli K-12	Bacteria	P0AG55	Large ribosomal subunit protein uL6	rplF	177	/storage/kiran-stuff/Vocabulary-Proteins/ancient-discrimination/scripts/../data/sequences/P0AG55.fasta	DNA	TTTTTTTTTT	poly-dT 10mer
PF00347_bsu_P46898_RNA	PF00347	Ribosomal_L6	RNA	translation	3	bsu	Bacillus subtilis 168	Bacteria	P46898	Large ribosomal subunit protein uL6	rplF	179	/storage/kiran-stuff/Vocabulary-Proteins/ancient-discrimination/scripts/../data/sequences/P46898.fasta	RNA	UUUUUUUUUU	poly-U 10mer
PF00347_bsu_P46898_DNA	PF00347	Ribosomal_L6	RNA	translation	3	bsu	Bacillus subtilis 168	Bacteria	P46898	Large ribosomal subunit protein uL6	rplF	179	/storage/kiran-stuff/Vocabulary-Proteins/ancient-discrimination/scripts/../data/sequences/P46898.fasta	DNA	TTTTTTTTTT	poly-dT 10mer
PF00347_tth_P0DOY8_RNA	PF00347	Ribosomal_L6	RNA	translation	3	tth	Thermus thermophilus	Bacteria	P0DOY8	Large ribosomal subunit protein uL6	rplF	180	/storage/kiran-stuff/Vocabulary-Proteins/ancient-discrimination/scripts/../data/sequences/P0DOY8.fasta	RNA	UUUUUUUUUU	poly-U 10mer
PF00347_tth_P0DOY8_DNA	PF00347	Ribosomal_L6	RNA	translation	3	tth	Thermus thermophilus	Bacteria	P0DOY8	Large ribosomal subunit protein uL6	rplF	180	/storage/kiran-stuff/Vocabulary-Proteins/ancient-discrimination/scripts/../data/sequences/P0DOY8.fasta	DNA	TTTTTTTTTT	poly-dT 10mer
PF00347_mja_P54042_RNA	PF00347	Ribosomal_L6	RNA	translation	3	mja	Methanocaldococcus jannaschii DSM 2661	Archaea	P54042	Large ribosomal subunit protein uL6	rpl6	182	/storage/kiran-stuff/Vocabulary-Proteins/ancient-discrimination/scripts/../data/sequences/P54042.fasta	RNA	UUUUUUUUUU	poly-U 10mer
PF00347_mja_P54042_DNA	PF00347	Ribosomal_L6	RNA	translation	3	mja	Methanocaldococcus jannaschii DSM 2661	Archaea	P54042	Large ribosomal subunit protein uL6	rpl6	182	/storage/kiran-stuff/Vocabulary-Proteins/ancient-discrimination/scripts/../data/sequences/P54042.fasta	DNA	TTTTTTTTTT	poly-dT 10mer
PF00347_sso_Q9UX91_RNA	PF00347	Ribosomal_L6	RNA	translation	3	sso	Sulfolobus solfataricus P2	Archaea	Q9UX91	Large ribosomal subunit protein uL6	rpl6	181	/storage/kiran-stuff/Vocabulary-Proteins/ancient-discrimination/scripts/../data/sequences/Q9UX91.fasta	RNA	UUUUUUUUUU	poly-U 10mer
PF00347_sso_Q9UX91_DNA	PF00347	Ribosomal_L6	RNA	translation	3	sso	Sulfolobus solfataricus P2	Archaea	Q9UX91	Large ribosomal subunit protein uL6	rpl6	181	/storage/kiran-stuff/Vocabulary-Proteins/ancient-discrimination/scripts/../data/sequences/Q9UX91.fasta	DNA	TTTTTTTTTT	poly-dT 10mer
PF00347_sce_P05738_RNA	PF00347	Ribosomal_L6	RNA	translation	3	sce	Saccharomyces cerevisiae S288C	Eukarya	P05738	Large ribosomal subunit protein uL6A	RPL9A	191	/storage/kiran-stuff/Vocabulary-Proteins/ancient-discrimination/scripts/../data/sequences/P05738.fasta	RNA	UUUUUUUUUU	poly-U 10mer
PF00347_sce_P05738_DNA	PF00347	Ribosomal_L6	RNA	translation	3	sce	Saccharomyces cerevisiae S288C	Eukarya	P05738	Large ribosomal subunit protein uL6A	RPL9A	191	/storage/kiran-stuff/Vocabulary-Proteins/ancient-discrimination/scripts/../data/sequences/P05738.fasta	DNA	TTTTTTTTTT	poly-dT 10mer
PF00347_hsa_P32969_RNA	PF00347	Ribosomal_L6	RNA	translation	3	hsa	Homo sapiens	Eukarya	P32969	Large ribosomal subunit protein uL6	RPL9	192	/storage/kiran-stuff/Vocabulary-Proteins/ancient-discrimination/scripts/../data/sequences/P32969.fasta	RNA	UUUUUUUUUU	poly-U 10mer
PF00347_hsa_P32969_DNA	PF00347	Ribosomal_L6	RNA	translation	3	hsa	Homo sapiens	Eukarya	P32969	Large ribosomal subunit protein uL6	RPL9	192	/storage/kiran-stuff/Vocabulary-Proteins/ancient-discrimination/scripts/../data/sequences/P32969.fasta	DNA	TTTTTTTTTT	poly-dT 10mer
PF00347_ath_O23049_RNA	PF00347	Ribosomal_L6	RNA	translation	3	ath	Arabidopsis thaliana	Eukarya	O23049	Large ribosomal subunit protein uL6c	RPL6	223	/storage/kiran-stuff/Vocabulary-Proteins/ancient-discrimination/scripts/../data/sequences/O23049.fasta	RNA	UUUUUUUUUU	poly-U 10mer
PF00347_ath_O23049_DNA	PF00347	Ribosomal_L6	RNA	translation	3	ath	Arabidopsis thaliana	Eukarya	O23049	Large ribosomal subunit protein uL6c	RPL6	223	/storage/kiran-stuff/Vocabulary-Proteins/ancient-discrimination/scripts/../data/sequences/O23049.fasta	DNA	TTTTTTTTTT	poly-dT 10mer
